Date,GSPC,y_true,y_pred,y_pred_prob
2020-07-07,3145.320068359375,0,0,0.29607007
2020-07-08,3169.93994140625,0,0,0.3234626
2020-07-09,3152.050048828125,0,0,0.32637018
2020-07-10,3185.0400390625,0,0,0.36776227
2020-07-13,3155.219970703125,0,0,0.32381326
2020-07-14,3197.52001953125,0,0,0.3646672
2020-07-15,3226.56005859375,0,0,0.375084
2020-07-16,3215.570068359375,0,0,0.38046303
2020-07-17,3224.72998046875,0,0,0.4167044
2020-07-20,3251.840087890625,0,0,0.4433905
2020-07-21,3257.300048828125,0,0,0.4550606
2020-07-22,3276.02001953125,0,0,0.49272773
2020-07-23,3235.659912109375,0,0,0.46980095
2020-07-24,3215.6298828125,1,0,0.47488406
2020-07-27,3239.409912109375,1,0,0.48830765
2020-07-28,3218.43994140625,1,0,0.49540326
2020-07-29,3258.43994140625,1,0,0.5101912
2020-07-30,3246.219970703125,1,0,0.49734166
2020-07-31,3271.1201171875,1,0,0.48718047
2020-08-03,3294.610107421875,1,0,0.4908306
2020-08-04,3306.510009765625,1,0,0.49595007
2020-08-05,3327.77001953125,1,0,0.50345176
2020-08-06,3349.159912109375,1,0,0.5117441
2020-08-07,3351.280029296875,1,0,0.51901793
2020-08-10,3360.469970703125,1,0,0.5313547
2020-08-11,3333.68994140625,1,0,0.5103433
2020-08-12,3380.35009765625,1,0,0.5353599
2020-08-13,3373.429931640625,1,0,0.5436625
2020-08-14,3372.85009765625,1,0,0.55593455
2020-08-17,3381.989990234375,1,0,0.57931197
2020-08-18,3389.780029296875,1,0,0.5818055
2020-08-19,3374.85009765625,1,0,0.57057846
2020-08-20,3385.510009765625,1,0,0.5733662
2020-08-21,3397.159912109375,1,0,0.5646708
2020-08-24,3431.280029296875,1,0,0.5528513
2020-08-25,3443.6201171875,1,0,0.5504298
2020-08-26,3478.72998046875,1,0,0.52988464
2020-08-27,3484.550048828125,1,0,0.5045728
2020-08-28,3508.010009765625,1,0,0.5075001
2020-08-31,3500.31005859375,1,0,0.45155674
2020-09-01,3526.64990234375,1,0,0.43519244
2020-09-02,3580.840087890625,1,0,0.41612014
2020-09-03,3455.06005859375,0,0,0.31474534
2020-09-04,3426.9599609375,0,0,0.31704915
2020-09-08,3331.840087890625,0,0,0.29953262
2020-09-09,3398.9599609375,0,0,0.32337663
2020-09-10,3339.18994140625,0,0,0.33033666
2020-09-11,3340.969970703125,0,0,0.35227552
2020-09-14,3383.5400390625,0,0,0.38034934
2020-09-15,3401.199951171875,0,0,0.39446437
2020-09-16,3385.489990234375,0,0,0.40468526
2020-09-17,3357.010009765625,0,0,0.40085518
2020-09-18,3319.469970703125,0,0,0.40654105
2020-09-21,3281.06005859375,0,0,0.40809345
2020-09-22,3315.570068359375,0,0,0.42690074
2020-09-23,3236.919921875,0,0,0.41261187
2020-09-24,3246.590087890625,0,0,0.4099211
2020-09-25,3298.4599609375,0,0,0.43933016
2020-09-28,3351.60009765625,0,0,0.43992183
2020-09-29,3335.469970703125,0,0,0.44938192
2020-09-30,3363.0,1,0,0.44616464
2020-10-01,3380.800048828125,1,0,0.44743788
2020-10-02,3348.419921875,0,0,0.4487867
2020-10-05,3408.60009765625,0,0,0.4523551
2020-10-06,3360.969970703125,0,0,0.43423882
2020-10-07,3419.43994140625,0,0,0.45467377
2020-10-08,3446.830078125,0,0,0.48664722
2020-10-09,3477.139892578125,0,0,0.50974673
2020-10-12,3534.219970703125,0,0,0.5219564
2020-10-13,3511.929931640625,0,0,0.52108836
2020-10-14,3488.669921875,0,0,0.5223206
2020-10-15,3483.340087890625,0,0,0.53010374
2020-10-16,3483.81005859375,0,0,0.53238016
2020-10-19,3426.919921875,0,0,0.5407427
2020-10-20,3443.1201171875,0,0,0.55452764
2020-10-21,3435.56005859375,0,0,0.56603867
2020-10-22,3453.489990234375,0,0,0.5685535
2020-10-23,3465.389892578125,1,0,0.561782
2020-10-26,3400.969970703125,0,0,0.4954787
2020-10-27,3390.679931640625,0,0,0.47305852
2020-10-28,3271.030029296875,0,0,0.39639902
2020-10-29,3310.110107421875,0,0,0.38963065
2020-10-30,3269.9599609375,0,0,0.37482396
2020-11-02,3310.239990234375,0,0,0.37689012
2020-11-03,3369.159912109375,0,0,0.42076686
2020-11-04,3443.43994140625,0,0,0.46969286
2020-11-05,3510.449951171875,0,0,0.49221563
2020-11-06,3509.43994140625,0,0,0.5088203
2020-11-09,3550.5,0,0,0.49095896
2020-11-10,3545.530029296875,0,0,0.5063894
2020-11-11,3572.659912109375,0,0,0.51808834
2020-11-12,3537.010009765625,0,0,0.5480786
2020-11-13,3585.14990234375,0,0,0.57406056
2020-11-16,3626.909912109375,0,0,0.5892809
2020-11-17,3609.530029296875,0,0,0.6029288
2020-11-18,3567.7900390625,0,0,0.56835765
2020-11-19,3581.8701171875,0,0,0.5653917
2020-11-20,3557.5400390625,0,0,0.5672488
2020-11-23,3577.590087890625,1,0,0.5899489
2020-11-24,3635.409912109375,0,0,0.63356787
2020-11-25,3629.64990234375,1,0,0.6559603
2020-11-27,3638.35009765625,1,0,0.67483205
2020-11-30,3621.6298828125,1,0,0.67692107
2020-12-01,3662.449951171875,1,0,0.7087625
2020-12-02,3669.010009765625,1,0,0.6645382
2020-12-03,3666.719970703125,1,0,0.6835331
2020-12-04,3699.1201171875,1,0,0.694057
2020-12-07,3691.9599609375,1,0,0.6889879
2020-12-08,3702.25,1,0,0.71326435
2020-12-09,3672.820068359375,1,0,0.7294017
2020-12-10,3668.10009765625,1,0,0.7329673
2020-12-11,3663.4599609375,1,0,0.73354155
2020-12-14,3647.489990234375,0,1,0.77569056
2020-12-15,3694.6201171875,0,0,0.766819
2020-12-16,3701.169921875,1,1,0.8002437
2020-12-17,3722.47998046875,1,1,0.8274898
2020-12-18,3709.409912109375,1,1,0.839009
2020-12-21,3694.919921875,1,1,0.8259805
2020-12-22,3687.260009765625,1,1,0.83959997
2020-12-23,3690.010009765625,0,1,0.8496883
2020-12-24,3703.06005859375,1,1,0.87906927
2020-12-28,3735.360107421875,1,1,0.90220255
2020-12-29,3727.0400390625,1,1,0.9044626
2020-12-30,3732.0400390625,1,1,0.9350643
2020-12-31,3756.070068359375,1,1,0.95458406
2021-01-04,3700.64990234375,0,1,0.94625765
2021-01-05,3726.860107421875,1,1,0.95306206
2021-01-06,3748.139892578125,1,1,0.95665205
2021-01-07,3803.7900390625,1,1,0.9634876
2021-01-08,3824.679931640625,1,1,0.9629549
2021-01-11,3799.610107421875,1,1,0.9566463
2021-01-12,3801.18994140625,1,1,0.9415704
2021-01-13,3809.840087890625,1,1,0.934718
2021-01-14,3795.5400390625,1,1,0.932265
2021-01-15,3768.25,1,1,0.9102675
2021-01-19,3798.909912109375,1,1,0.9339126
2021-01-20,3851.85009765625,1,1,0.9535325
2021-01-21,3853.070068359375,1,1,0.95544255
2021-01-22,3841.469970703125,1,1,0.9604387
2021-01-25,3855.360107421875,1,1,0.956321
2021-01-26,3849.6201171875,1,1,0.9493135
2021-01-27,3750.77001953125,0,1,0.9003417
2021-01-28,3787.3798828125,0,1,0.89561665
2021-01-29,3714.239990234375,0,1,0.8467021
2021-02-01,3773.860107421875,0,1,0.8748227
2021-02-02,3826.31005859375,0,1,0.9056745
2021-02-03,3830.169921875,0,1,0.9160443
2021-02-04,3871.739990234375,1,1,0.9311791
2021-02-05,3886.830078125,1,1,0.9382648
2021-02-08,3915.590087890625,1,1,0.93573123
2021-02-09,3911.22998046875,1,1,0.9396292
2021-02-10,3909.8798828125,1,1,0.93810165
2021-02-11,3916.3798828125,1,1,0.9477488
2021-02-12,3934.830078125,1,1,0.9511755
2021-02-16,3932.590087890625,1,1,0.96084917
2021-02-17,3931.330078125,1,1,0.96652234
2021-02-18,3913.969970703125,1,1,0.960504
2021-02-19,3906.7099609375,1,1,0.95505583
2021-02-22,3876.5,1,1,0.9414869
2021-02-23,3881.3701171875,1,1,0.9341167
2021-02-24,3925.429931640625,1,1,0.9325043
2021-02-25,3829.340087890625,0,1,0.8820007
2021-02-26,3811.14990234375,0,1,0.85719377
2021-03-01,3901.820068359375,0,1,0.87534493
2021-03-02,3870.2900390625,0,1,0.8960543
2021-03-03,3819.719970703125,0,1,0.89284205
2021-03-04,3768.469970703125,0,1,0.8650682
2021-03-05,3841.93994140625,0,1,0.87443537
2021-03-08,3821.35009765625,0,1,0.8562614
2021-03-09,3875.43994140625,0,1,0.8651506
2021-03-10,3898.81005859375,1,1,0.8756696
2021-03-11,3939.340087890625,1,1,0.8740343
2021-03-12,3943.340087890625,1,1,0.9039495
2021-03-15,3968.93994140625,0,1,0.9169475
2021-03-16,3962.7099609375,0,1,0.900779
2021-03-17,3974.1201171875,0,1,0.9326305
2021-03-18,3915.4599609375,0,1,0.9267441
2021-03-19,3913.10009765625,1,1,0.92957044
2021-03-22,3940.590087890625,1,1,0.9363683
2021-03-23,3910.52001953125,1,1,0.9336147
2021-03-24,3889.139892578125,1,1,0.93221974
2021-03-25,3909.52001953125,1,1,0.94217265
2021-03-26,3974.5400390625,1,1,0.9421566
2021-03-29,3971.090087890625,1,1,0.93752635
2021-03-30,3958.550048828125,1,1,0.9453391
2021-03-31,3972.889892578125,1,1,0.9484216
2021-04-01,4019.8701171875,1,1,0.96826875
2021-04-05,4077.909912109375,0,1,0.9746284
2021-04-06,4073.93994140625,0,1,0.9781774
2021-04-07,4079.949951171875,0,1,0.9756693
2021-04-08,4097.169921875,0,1,0.9746055
2021-04-09,4128.7998046875,0,1,0.97519547
2021-04-12,4127.990234375,0,1,0.97615516
2021-04-13,4141.58984375,0,1,0.9773563
2021-04-14,4124.66015625,0,1,0.9801344
2021-04-15,4170.419921875,0,1,0.97854996
2021-04-16,4185.47021484375,1,1,0.98213434
2021-04-19,4163.259765625,1,1,0.9776659
2021-04-20,4134.93994140625,1,1,0.9729234
2021-04-21,4173.419921875,1,1,0.9746625
2021-04-22,4134.97998046875,1,1,0.96681356
2021-04-23,4180.169921875,1,1,0.9662683
2021-04-26,4187.6201171875,1,1,0.9635368
2021-04-27,4186.72021484375,1,1,0.9597764
2021-04-28,4183.18017578125,1,1,0.96286017
2021-04-29,4211.47021484375,1,1,0.9618976
2021-04-30,4181.169921875,1,1,0.9561851
2021-05-03,4192.66015625,1,1,0.9693439
2021-05-04,4164.66015625,1,1,0.9687234
2021-05-05,4167.58984375,0,1,0.973096
2021-05-06,4201.6201171875,1,1,0.97568583
2021-05-07,4232.60009765625,1,1,0.9799917
2021-05-10,4188.43017578125,1,1,0.97588545
2021-05-11,4152.10009765625,0,1,0.96569145
2021-05-12,4063.0400390625,0,1,0.93010575
2021-05-13,4112.5,0,1,0.9302568
2021-05-14,4173.85009765625,0,1,0.9441979
2021-05-17,4163.2900390625,0,1,0.9505397
2021-05-18,4127.830078125,0,1,0.94407165
2021-05-19,4115.68017578125,0,1,0.93383294
2021-05-20,4159.1201171875,0,1,0.9347132
2021-05-21,4155.85986328125,0,1,0.92857736
2021-05-24,4197.0498046875,1,1,0.9313846
2021-05-25,4188.1298828125,1,1,0.9454549
2021-05-26,4195.990234375,1,1,0.95692253
2021-05-27,4200.8798828125,1,1,0.9684729
2021-05-28,4204.10986328125,1,1,0.9641997
2021-06-01,4202.0400390625,1,1,0.95603174
2021-06-02,4208.1201171875,1,1,0.9562605
2021-06-03,4192.85009765625,1,1,0.95511097
2021-06-04,4229.89013671875,1,1,0.9594014
2021-06-07,4226.52001953125,1,1,0.96415794
2021-06-08,4227.259765625,1,1,0.96504575
2021-06-09,4219.5498046875,1,1,0.96041757
2021-06-10,4239.18017578125,1,1,0.9714537
2021-06-11,4247.43994140625,1,1,0.9711574
2021-06-14,4255.14990234375,1,1,0.9754935
2021-06-15,4246.58984375,1,1,0.97412217
2021-06-16,4223.7001953125,1,1,0.9688108
2021-06-17,4221.85986328125,1,1,0.96318275
2021-06-18,4166.4501953125,1,1,0.94225955
2021-06-21,4224.7900390625,1,1,0.94584215
2021-06-22,4246.43994140625,1,1,0.95348895
2021-06-23,4241.83984375,1,1,0.9605512
2021-06-24,4266.490234375,1,1,0.9640835
2021-06-25,4280.7001953125,1,1,0.9670545
2021-06-28,4290.60986328125,1,1,0.96241164
2021-06-29,4291.7998046875,1,1,0.96165633
2021-06-30,4297.5,1,1,0.95929766
2021-07-01,4319.93994140625,1,1,0.95542735
2021-07-02,4352.33984375,1,1,0.95652735
2021-07-06,4343.5400390625,1,1,0.95317507
2021-07-07,4358.1298828125,1,1,0.94700253
2021-07-08,4320.81982421875,1,1,0.9166977
2021-07-09,4369.5498046875,1,1,0.9197915
2021-07-12,4384.6298828125,1,1,0.9140292
2021-07-13,4369.2099609375,1,1,0.91459334
2021-07-14,4374.2998046875,1,1,0.91409034
2021-07-15,4360.02978515625,1,1,0.9004755
2021-07-16,4327.16015625,1,1,0.8905156
2021-07-19,4258.490234375,0,1,0.82370627
2021-07-20,4323.06005859375,0,1,0.8553985
2021-07-21,4358.68994140625,1,1,0.8797928
2021-07-22,4367.47998046875,1,1,0.90288985
2021-07-23,4411.7900390625,1,1,0.92512053
2021-07-26,4422.2998046875,1,1,0.9199432
2021-07-27,4401.4599609375,1,1,0.8997654
2021-07-28,4400.64013671875,1,1,0.88322705
2021-07-29,4419.14990234375,1,1,0.86222094
2021-07-30,4395.259765625,1,1,0.83709234
2021-08-02,4387.16015625,1,1,0.8371466
2021-08-03,4423.14990234375,1,1,0.83668923
2021-08-04,4402.66015625,1,1,0.86592245
2021-08-05,4429.10009765625,1,1,0.85620606
2021-08-06,4436.52001953125,1,1,0.8708653
2021-08-09,4432.35009765625,1,1,0.8657209
2021-08-10,4436.75,1,1,0.8726979
2021-08-11,4442.41015625,1,1,0.88630086
2021-08-12,4460.830078125,1,1,0.88739264
2021-08-13,4468.0,1,1,0.87571234
2021-08-16,4479.7099609375,1,1,0.8675794
2021-08-17,4448.080078125,1,1,0.8412875
2021-08-18,4400.27001953125,0,0,0.7406836
2021-08-19,4405.7998046875,0,0,0.71781087
2021-08-20,4441.669921875,0,0,0.73632133
2021-08-23,4479.52978515625,1,0,0.76936847
2021-08-24,4486.22998046875,1,1,0.79689336
2021-08-25,4496.18994140625,1,1,0.81553906
2021-08-26,4470.0,1,1,0.7768347
2021-08-27,4509.3701171875,1,1,0.78283197
2021-08-30,4528.7900390625,1,1,0.7943678
2021-08-31,4522.68017578125,1,1,0.79938525
2021-09-01,4524.08984375,1,1,0.8374633
2021-09-02,4536.9501953125,1,1,0.8713221
2021-09-03,4535.43017578125,1,1,0.88137645
2021-09-07,4520.02978515625,1,1,0.86205006
2021-09-08,4514.06982421875,1,1,0.8336529
2021-09-09,4493.27978515625,1,1,0.80051297
2021-09-10,4458.580078125,0,0,0.7470472
2021-09-13,4468.72998046875,0,0,0.73906225
2021-09-14,4443.0498046875,0,0,0.69230485
2021-09-15,4480.7001953125,0,0,0.6886884
2021-09-16,4473.75,0,0,0.659033
2021-09-17,4432.990234375,0,0,0.58327657
2021-09-20,4357.72998046875,0,0,0.43153876
2021-09-21,4354.18994140625,0,0,0.38821468
2021-09-22,4395.64013671875,0,0,0.43314102
2021-09-23,4448.97998046875,0,0,0.46537197
2021-09-24,4455.47998046875,0,0,0.5053581
2021-09-27,4443.10986328125,1,0,0.51204586
2021-09-28,4352.6298828125,0,0,0.37474725
2021-09-29,4359.4599609375,0,0,0.354338
2021-09-30,4307.5400390625,0,0,0.27319798
2021-10-01,4357.0400390625,0,0,0.27416283
2021-10-04,4300.4599609375,0,0,0.2649941
2021-10-05,4345.72021484375,0,0,0.30529535
2021-10-06,4363.5498046875,0,0,0.29676703
2021-10-07,4399.759765625,1,0,0.33739173
2021-10-08,4391.33984375,1,0,0.34519374
2021-10-11,4361.18994140625,1,0,0.33378598
2021-10-12,4350.64990234375,1,0,0.34121647
2021-10-13,4363.7998046875,1,0,0.36961588
2021-10-14,4438.259765625,0,0,0.45410165
2021-10-15,4471.3701171875,0,0,0.47834763
2021-10-18,4486.4599609375,0,0,0.48781547
2021-10-19,4519.6298828125,0,0,0.50636053
2021-10-20,4536.18994140625,0,0,0.481819
2021-10-21,4549.77978515625,0,0,0.5073091
2021-10-22,4544.89990234375,0,0,0.47307312
2021-10-25,4566.47998046875,0,0,0.50156736
2021-10-26,4574.7900390625,0,0,0.56014013
2021-10-27,4551.68017578125,0,0,0.5995077
2021-10-28,4596.419921875,0,0,0.64463985
2021-10-29,4605.3798828125,0,0,0.7406027
2021-11-01,4613.669921875,0,0,0.75268143
2021-11-02,4630.64990234375,0,1,0.81579167
2021-11-03,4660.56982421875,0,1,0.8429829
2021-11-04,4680.06005859375,0,1,0.859285
2021-11-05,4697.52978515625,0,1,0.8558459
2021-11-08,4701.7001953125,0,1,0.8526518
2021-11-09,4685.25,1,1,0.8394205
2021-11-10,4646.7099609375,1,1,0.79612035
2021-11-11,4649.27001953125,1,1,0.8282325
2021-11-12,4682.85009765625,1,1,0.8540278
2021-11-15,4682.7998046875,1,1,0.8498479
2021-11-16,4700.89990234375,1,1,0.8519806
2021-11-17,4688.669921875,1,1,0.83050287
2021-11-18,4704.5400390625,1,1,0.8322449
2021-11-19,4697.9599609375,1,1,0.8172279
2021-11-22,4682.93994140625,1,0,0.7468133
2021-11-23,4690.7001953125,1,0,0.68045163
2021-11-24,4701.4599609375,1,0,0.660142
2021-11-26,4594.6201171875,0,0,0.34588522
2021-11-29,4655.27001953125,0,0,0.34756252
2021-11-30,4567.0,0,0,0.20558538
2021-12-01,4513.0400390625,0,0,0.096168056
2021-12-02,4577.10009765625,0,0,0.096279405
2021-12-03,4538.43017578125,0,0,0.0841363
2021-12-06,4591.669921875,0,0,0.12683639
2021-12-07,4686.75,0,0,0.21022525
2021-12-08,4701.2099609375,1,0,0.30999276
2021-12-09,4667.4501953125,1,0,0.34666076
2021-12-10,4712.02001953125,1,0,0.41643983
2021-12-13,4668.97021484375,1,0,0.42643648
2021-12-14,4634.08984375,1,0,0.373829
2021-12-15,4709.85009765625,0,0,0.44772366
2021-12-16,4668.669921875,1,0,0.459454
2021-12-17,4620.64013671875,1,0,0.43024278
2021-12-20,4568.02001953125,0,0,0.44024944
2021-12-21,4649.22998046875,0,0,0.4695747
2021-12-22,4696.56005859375,1,0,0.4966008
2021-12-23,4725.7900390625,1,0,0.54109555
2021-12-27,4791.18994140625,0,0,0.5627968
2021-12-28,4786.35009765625,0,0,0.55173576
2021-12-29,4793.06005859375,0,0,0.5826827
2021-12-30,4778.72998046875,0,0,0.63381857
2021-12-31,4766.18017578125,0,0,0.6517273
2022-01-03,4796.56005859375,0,0,0.72581774
2022-01-04,4793.5400390625,0,1,0.782988
2022-01-05,4700.580078125,0,1,0.77852434
2022-01-06,4696.0498046875,1,0,0.7613317
2022-01-07,4677.02978515625,0,0,0.74163604
2022-01-10,4670.2900390625,0,0,0.6784467
2022-01-11,4713.06982421875,0,0,0.66959924
2022-01-12,4726.35009765625,0,0,0.6497878
2022-01-13,4659.02978515625,0,0,0.49729276
2022-01-14,4662.85009765625,0,0,0.4315822
2022-01-18,4577.10986328125,0,0,0.2623338
2022-01-19,4532.759765625,0,0,0.15589754
2022-01-20,4482.72998046875,0,0,0.11091351
2022-01-21,4397.93994140625,0,0,0.06629154
2022-01-24,4410.1298828125,0,0,0.04207341
2022-01-25,4356.4501953125,0,0,0.033648934
2022-01-26,4349.93017578125,0,0,0.029583603
2022-01-27,4326.509765625,0,0,0.03720585
2022-01-28,4431.85009765625,0,0,0.0647951
2022-01-31,4515.5498046875,0,0,0.099708386
2022-02-01,4546.5400390625,1,0,0.13153951
2022-02-02,4589.3798828125,0,0,0.15647519
2022-02-03,4477.43994140625,0,0,0.12561025
2022-02-04,4500.52978515625,0,0,0.13679853
2022-02-07,4483.8701171875,0,0,0.14280796
2022-02-08,4521.5400390625,0,0,0.1558692
2022-02-09,4587.18017578125,0,0,0.17340559
2022-02-10,4504.080078125,0,0,0.1515245
2022-02-11,4418.64013671875,0,0,0.112493314
2022-02-14,4401.669921875,0,0,0.0999448
2022-02-15,4471.06982421875,0,0,0.096278645
2022-02-16,4475.009765625,0,0,0.092744336
2022-02-17,4380.259765625,0,0,0.07491923
2022-02-18,4348.8701171875,0,0,0.07620485
2022-02-22,4304.759765625,0,0,0.0655775
2022-02-23,4225.5,0,0,0.04876161
2022-02-24,4288.7001953125,0,0,0.043850444
2022-02-25,4384.64990234375,0,0,0.04950562
2022-02-28,4373.93994140625,0,0,0.05462157
2022-03-01,4306.259765625,0,0,0.050895657
2022-03-02,4386.5400390625,0,0,0.05820933
2022-03-03,4363.490234375,0,0,0.056853797
2022-03-04,4328.8701171875,0,0,0.057278626
2022-03-07,4201.08984375,0,0,0.046404786
2022-03-08,4170.7001953125,0,0,0.05102008
2022-03-09,4277.8798828125,0,0,0.061513748
2022-03-10,4259.52001953125,0,0,0.0766966
2022-03-11,4204.31005859375,0,0,0.07910483
2022-03-14,4173.10986328125,0,0,0.07193243
2022-03-15,4262.4501953125,0,0,0.082063556
2022-03-16,4357.85986328125,0,0,0.0936476
2022-03-17,4411.669921875,0,0,0.0870883
2022-03-18,4463.1201171875,0,0,0.0828563
2022-03-21,4461.18017578125,0,0,0.0758506
2022-03-22,4511.60986328125,0,0,0.07652778
2022-03-23,4456.240234375,0,0,0.08385014
2022-03-24,4520.16015625,0,0,0.09498497
2022-03-25,4543.06005859375,0,0,0.12050948
2022-03-28,4575.52001953125,0,0,0.16673982
2022-03-29,4631.60009765625,0,0,0.24363515
2022-03-30,4602.4501953125,0,0,0.3147183
2022-03-31,4530.41015625,0,0,0.3691027
2022-04-01,4545.85986328125,0,0,0.49626034
2022-04-04,4582.64013671875,0,0,0.66487384
2022-04-05,4525.1201171875,0,0,0.73570603
2022-04-06,4481.14990234375,1,0,0.7433445
2022-04-07,4500.2099609375,1,0,0.75600743
2022-04-08,4488.27978515625,1,0,0.727149
2022-04-11,4412.52978515625,0,0,0.6706065
2022-04-12,4397.4501953125,0,0,0.63262343
2022-04-13,4446.58984375,0,0,0.64869565
2022-04-14,4392.58984375,0,0,0.6317944
2022-04-18,4391.68994140625,0,0,0.6281769
2022-04-19,4462.2099609375,0,0,0.6108434
2022-04-20,4459.4501953125,0,0,0.5921406
2022-04-21,4393.66015625,0,0,0.5982352
2022-04-22,4271.77978515625,0,0,0.46118027
2022-04-25,4296.1201171875,0,0,0.41363752
2022-04-26,4175.2001953125,0,0,0.281212
2022-04-27,4183.9599609375,0,0,0.2836236
2022-04-28,4287.5,0,0,0.28574708
2022-04-29,4131.93017578125,0,0,0.21106164
2022-05-02,4155.3798828125,0,0,0.2005463
2022-05-03,4175.47998046875,0,0,0.19193856
2022-05-04,4300.169921875,0,0,0.21023175
2022-05-05,4146.8701171875,0,0,0.18744619
2022-05-06,4123.33984375,0,0,0.21246362
2022-05-09,3991.239990234375,0,0,0.1716098
2022-05-10,4001.050048828125,0,0,0.16181551
2022-05-11,3935.179931640625,0,0,0.15633866
2022-05-12,3930.080078125,0,0,0.14622101
2022-05-13,4023.889892578125,0,0,0.17890517
2022-05-16,4008.010009765625,0,0,0.23452961
2022-05-17,4088.85009765625,0,0,0.27831298
2022-05-18,3923.679931640625,0,0,0.22861095
2022-05-19,3900.7900390625,0,0,0.24744326
2022-05-20,3901.360107421875,0,0,0.2614574
2022-05-23,3973.75,0,0,0.3003547
2022-05-24,3941.47998046875,0,0,0.31658956
2022-05-25,3978.72998046875,0,0,0.31001937
2022-05-26,4057.840087890625,0,0,0.30410823
2022-05-27,4158.240234375,0,0,0.289707
2022-05-31,4132.14990234375,0,0,0.24860731
2022-06-01,4101.22998046875,0,0,0.23423265
2022-06-02,4176.81982421875,0,0,0.22775063
2022-06-03,4108.5400390625,0,0,0.24152355
2022-06-06,4121.43017578125,0,0,0.26878455
2022-06-07,4160.68017578125,0,0,0.32561207
2022-06-08,4115.77001953125,0,0,0.371231
2022-06-09,4017.820068359375,0,0,0.35343626
2022-06-10,3900.860107421875,0,0,0.2822521
2022-06-13,3749.6298828125,0,0,0.14179333
2022-06-14,3735.47998046875,0,0,0.10887589
2022-06-15,3789.989990234375,0,0,0.12434943
2022-06-16,3666.77001953125,0,0,0.106516935
2022-06-17,3674.840087890625,0,0,0.12025798
2022-06-21,3764.7900390625,0,0,0.14430141
2022-06-22,3759.889892578125,0,0,0.15774974
2022-06-23,3795.72998046875,0,0,0.17778629
2022-06-24,3911.739990234375,0,0,0.22780137
2022-06-27,3900.110107421875,0,0,0.25534377
2022-06-28,3821.550048828125,0,0,0.25495678
2022-06-29,3818.830078125,0,0,0.26905257
2022-06-30,3785.3798828125,0,0,0.24060825
2022-07-01,3825.330078125,0,0,0.25221488
2022-07-05,3831.389892578125,0,0,0.2922798
2022-07-06,3845.080078125,0,0,0.30069065
2022-07-07,3902.6201171875,0,0,0.32618874
2022-07-08,3899.3798828125,0,0,0.34322324
2022-07-11,3854.429931640625,0,0,0.35709953
2022-07-12,3818.800048828125,0,0,0.34096926
2022-07-13,3801.780029296875,0,0,0.33652943
2022-07-14,3790.3798828125,0,0,0.34479275
2022-07-15,3863.159912109375,0,0,0.38333252
2022-07-18,3830.85009765625,0,0,0.40846708
2022-07-19,3936.68994140625,0,0,0.43930292
2022-07-20,3959.89990234375,0,0,0.45933932
2022-07-21,3998.949951171875,0,0,0.4693603
2022-07-22,3961.6298828125,0,0,0.4566876
2022-07-25,3966.840087890625,0,0,0.44419748
2022-07-26,3921.050048828125,0,0,0.4324006
2022-07-27,4023.610107421875,0,0,0.469426
2022-07-28,4072.429931640625,0,0,0.5184144
2022-07-29,4130.2900390625,0,0,0.57500255
2022-08-01,4118.6298828125,0,0,0.58758026
2022-08-02,4091.18994140625,0,0,0.604003
2022-08-03,4155.169921875,0,0,0.6448926
2022-08-04,4151.93994140625,0,0,0.6692304
2022-08-05,4145.18994140625,0,0,0.6957327
2022-08-08,4140.06005859375,0,0,0.7083166
2022-08-09,4122.47021484375,0,0,0.72535926
2022-08-10,4210.240234375,0,1,0.77135277
2022-08-11,4207.27001953125,0,1,0.7892137
2022-08-12,4280.14990234375,0,1,0.8168343
2022-08-15,4297.14013671875,0,1,0.829594
2022-08-16,4305.2001953125,0,1,0.8395678
2022-08-17,4274.0400390625,0,1,0.8687172
2022-08-18,4283.740234375,0,1,0.8691653
2022-08-19,4228.47998046875,1,1,0.872638
2022-08-22,4137.990234375,0,1,0.8538588
2022-08-23,4128.72998046875,0,1,0.82176447
2022-08-24,4140.77001953125,0,1,0.81987786
2022-08-25,4199.1201171875,0,1,0.7769692
2022-08-26,4057.659912109375,0,0,0.6130994
2022-08-29,4030.610107421875,0,0,0.50431544
2022-08-30,3986.159912109375,0,0,0.4014945
2022-08-31,3955.0,0,0,0.3215349
2022-09-01,3966.85009765625,0,0,0.37397066
2022-09-02,3924.260009765625,0,0,0.3403123
2022-09-06,3908.18994140625,0,0,0.34290963
2022-09-07,3979.8701171875,0,0,0.44791564
2022-09-08,4006.179931640625,0,0,0.4674831
2022-09-09,4067.360107421875,0,0,0.5194633
2022-09-12,4110.41015625,0,0,0.5297883
2022-09-13,3932.68994140625,0,0,0.44297263
2022-09-14,3946.010009765625,0,0,0.42240304
2022-09-15,3901.35009765625,0,0,0.42367887
2022-09-16,3873.330078125,0,0,0.40818182
2022-09-19,3899.889892578125,0,0,0.43272355
2022-09-20,3855.929931640625,0,0,0.42287698
2022-09-21,3789.929931640625,0,0,0.37893054
2022-09-22,3757.989990234375,0,0,0.36129236
2022-09-23,3693.22998046875,0,0,0.30274656
2022-09-26,3655.0400390625,0,0,0.2807754
2022-09-27,3647.2900390625,0,0,0.2733927
2022-09-28,3719.0400390625,0,0,0.29306647
2022-09-29,3640.469970703125,0,0,0.25770035
2022-09-30,3585.6201171875,0,0,0.23063014
2022-10-03,3678.429931640625,0,0,0.22879484
2022-10-04,3790.929931640625,0,0,0.23392788
2022-10-05,3783.280029296875,0,0,0.24958217
2022-10-06,3744.52001953125,0,0,0.25044498
2022-10-07,3639.659912109375,0,0,0.22962672
2022-10-10,3612.389892578125,0,0,0.22419219
2022-10-11,3588.840087890625,0,0,0.23830089
2022-10-12,3577.030029296875,0,0,0.24298994
2022-10-13,3669.909912109375,0,0,0.23811728
2022-10-14,3583.070068359375,0,0,0.23705414
2022-10-17,3677.949951171875,0,0,0.22336087
2022-10-18,3719.97998046875,0,0,0.18985505
2022-10-19,3695.159912109375,0,0,0.16733278
2022-10-20,3665.780029296875,0,0,0.1413088
2022-10-21,3752.75,0,0,0.13725202
2022-10-24,3797.340087890625,0,0,0.14024477
2022-10-25,3859.110107421875,0,0,0.15438403
2022-10-26,3830.60009765625,0,0,0.17660737
2022-10-27,3807.300048828125,0,0,0.1844141
2022-10-28,3901.06005859375,0,0,0.20488879
2022-10-31,3871.97998046875,0,0,0.24518481
2022-11-01,3856.10009765625,0,0,0.29152712
2022-11-02,3759.68994140625,0,0,0.3122031
2022-11-03,3719.889892578125,0,0,0.32902253
2022-11-04,3770.550048828125,0,0,0.3275653
2022-11-07,3806.800048828125,0,0,0.35178658
2022-11-08,3828.110107421875,0,0,0.3704144
2022-11-09,3748.570068359375,0,0,0.36723718
2022-11-10,3956.3701171875,0,0,0.40882802
2022-11-11,3992.929931640625,0,0,0.43281594
2022-11-14,3957.25,0,0,0.39130163
2022-11-15,3991.72998046875,0,0,0.39379045
2022-11-16,3958.7900390625,0,0,0.4142324
2022-11-17,3946.56005859375,0,0,0.43411714
2022-11-18,3965.340087890625,0,0,0.44182688
2022-11-21,3949.93994140625,0,0,0.4367993
2022-11-22,4003.580078125,0,0,0.5144958
2022-11-23,4027.260009765625,0,0,0.5833421
2022-11-25,4026.1201171875,0,0,0.6205666
2022-11-28,3963.93994140625,0,0,0.5897751
2022-11-29,3957.6298828125,1,0,0.6014394
2022-11-30,4080.110107421875,0,0,0.59598815
2022-12-01,4076.570068359375,1,0,0.65302086
2022-12-02,4071.699951171875,1,0,0.7137917
2022-12-05,3998.840087890625,1,0,0.6959183
2022-12-06,3941.260009765625,0,0,0.663835
2022-12-07,3933.919921875,0,0,0.64022017
2022-12-08,3963.510009765625,0,0,0.6595346
2022-12-09,3934.3798828125,0,0,0.65068483
2022-12-12,3990.56005859375,0,0,0.6022522
2022-12-13,4019.64990234375,0,0,0.60434556
2022-12-14,3995.320068359375,0,0,0.6009694
2022-12-15,3895.75,0,0,0.55122995
2022-12-16,3852.360107421875,0,0,0.52593887
2022-12-19,3817.659912109375,0,0,0.52203953
2022-12-20,3821.6201171875,0,0,0.55033284
2022-12-21,3878.43994140625,0,0,0.5827415
2022-12-22,3822.389892578125,0,0,0.55334437
2022-12-23,3844.820068359375,0,0,0.57093936
2022-12-27,3829.25,0,0,0.59300697
2022-12-28,3783.219970703125,0,0,0.5930228
2022-12-29,3849.280029296875,0,0,0.6287873
2022-12-30,3839.5,0,0,0.6306657
2023-01-03,3824.139892578125,0,0,0.62441
2023-01-04,3852.969970703125,1,0,0.6352182
2023-01-05,3808.10009765625,1,0,0.60738426
2023-01-06,3895.080078125,0,0,0.60303956
2023-01-09,3892.090087890625,1,0,0.5670025
2023-01-10,3919.25,0,0,0.6097103
2023-01-11,3969.610107421875,0,0,0.6635273
2023-01-12,3983.169921875,0,0,0.71032935
2023-01-13,3999.090087890625,0,0,0.76503444
2023-01-17,3990.969970703125,0,1,0.78632694
2023-01-18,3928.860107421875,0,0,0.768483
2023-01-19,3898.85009765625,0,0,0.7693417
2023-01-20,3972.610107421875,0,0,0.7693764
2023-01-23,4019.81005859375,0,0,0.7673525
2023-01-24,4016.949951171875,0,0,0.7677959
2023-01-25,4016.219970703125,0,0,0.76525694
2023-01-26,4060.429931640625,0,1,0.77699405
2023-01-27,4070.56005859375,0,1,0.8467779
2023-01-30,4017.77001953125,0,1,0.8200302
2023-01-31,4076.60009765625,0,1,0.84354913
2023-02-01,4119.2099609375,0,1,0.86106306
2023-02-02,4179.759765625,0,1,0.83637106
2023-02-03,4136.47998046875,0,1,0.85282105
2023-02-06,4111.080078125,0,1,0.83708286
2023-02-07,4164.0,0,1,0.85291106
2023-02-08,4117.85986328125,0,1,0.82707644
2023-02-09,4081.5,1,1,0.84260887
2023-02-10,4090.4599609375,1,1,0.8149915
2023-02-13,4137.2900390625,1,1,0.83049595
2023-02-14,4136.1298828125,1,1,0.83804363
2023-02-15,4147.60009765625,1,1,0.8431177
2023-02-16,4090.409912109375,1,1,0.8018472
2023-02-17,4079.090087890625,1,1,0.7718987
2023-02-21,3997.340087890625,0,0,0.69250906
2023-02-22,3991.050048828125,0,0,0.6152707
2023-02-23,4012.320068359375,0,0,0.6462205
2023-02-24,3970.0400390625,0,0,0.591748
2023-02-27,3982.239990234375,0,0,0.6040349
2023-02-28,3970.14990234375,0,0,0.58281857
2023-03-01,3951.389892578125,0,0,0.6062457
2023-03-02,3981.35009765625,0,0,0.6632802
2023-03-03,4045.639892578125,0,0,0.7506833
2023-03-06,4048.419921875,1,1,0.77758974
2023-03-07,3986.3701171875,0,0,0.75118685
2023-03-08,3992.010009765625,1,1,0.77199244
2023-03-09,3918.320068359375,0,0,0.65411574
2023-03-10,3861.590087890625,0,0,0.53005385
2023-03-13,3855.760009765625,0,0,0.43617314
2023-03-14,3919.2900390625,0,0,0.4119747
2023-03-15,3891.929931640625,0,0,0.33650538
2023-03-16,3960.280029296875,0,0,0.3910071
2023-03-17,3916.639892578125,0,0,0.3344386
2023-03-20,3951.570068359375,1,0,0.41846853
2023-03-21,4002.8701171875,1,0,0.5285655
2023-03-22,3936.969970703125,1,0,0.47874144
2023-03-23,3948.719970703125,1,0,0.4871585
2023-03-24,3970.989990234375,1,0,0.50103384
2023-03-27,3977.530029296875,0,0,0.51332337
2023-03-28,3971.27001953125,0,0,0.53660274
2023-03-29,4027.81005859375,0,0,0.55683124
2023-03-30,4050.830078125,0,0,0.5908505
2023-03-31,4109.31005859375,0,0,0.59366804
2023-04-03,4124.509765625,0,0,0.6748398
2023-04-04,4100.60009765625,0,0,0.67633337
2023-04-05,4090.3798828125,0,0,0.7180017
2023-04-06,4105.02001953125,0,1,0.77253544
2023-04-10,4109.10986328125,0,1,0.8124465
2023-04-11,4108.93994140625,0,1,0.8419478
2023-04-12,4091.949951171875,0,1,0.848484
2023-04-13,4146.22021484375,0,1,0.86939013
2023-04-14,4137.64013671875,0,1,0.8960437
2023-04-17,4151.31982421875,1,1,0.91380626
2023-04-18,4154.8701171875,1,1,0.92390233
2023-04-19,4154.52001953125,1,1,0.9315671
2023-04-20,4129.7900390625,1,1,0.9281123
2023-04-21,4133.52001953125,1,1,0.9375837
2023-04-24,4137.0400390625,1,1,0.9357184
2023-04-25,4071.6298828125,1,1,0.91418266
2023-04-26,4055.989990234375,1,1,0.9017669
2023-04-27,4135.35009765625,0,1,0.91105616
2023-04-28,4169.47998046875,1,1,0.9209798
2023-05-01,4167.8701171875,1,1,0.9215702
2023-05-02,4119.580078125,1,1,0.8900393
2023-05-03,4090.75,1,1,0.84872484
2023-05-04,4061.219970703125,0,1,0.7731488
2023-05-05,4136.25,0,1,0.7814685
2023-05-08,4138.1201171875,1,1,0.77813566
2023-05-09,4119.169921875,1,0,0.75667006
2023-05-10,4137.64013671875,1,0,0.76516217
2023-05-11,4130.6201171875,1,0,0.75828063
2023-05-12,4124.080078125,1,0,0.722143
2023-05-15,4136.27978515625,1,0,0.7038965
2023-05-16,4109.89990234375,1,0,0.6552349
2023-05-17,4158.77001953125,1,0,0.7047096
2023-05-18,4198.0498046875,1,0,0.74310005
2023-05-19,4191.97998046875,1,0,0.7534439
2023-05-22,4192.6298828125,1,0,0.7452575
2023-05-23,4145.580078125,1,0,0.68503374
2023-05-24,4115.240234375,1,0,0.62739646
2023-05-25,4151.27978515625,1,0,0.6224688
2023-05-26,4205.4501953125,1,0,0.64086235
2023-05-30,4205.52001953125,1,0,0.65909356
2023-05-31,4179.830078125,1,0,0.61545515
2023-06-01,4221.02001953125,1,0,0.6345603
2023-06-02,4282.3701171875,0,0,0.742099
2023-06-05,4273.7900390625,0,0,0.7692597
2023-06-06,4283.85009765625,0,1,0.81126004
2023-06-07,4267.52001953125,0,1,0.8180176
2023-06-08,4293.93017578125,0,1,0.83222735
2023-06-09,4298.85986328125,1,1,0.8552591
2023-06-12,4338.93017578125,0,1,0.86569375
2023-06-13,4369.009765625,0,1,0.86890304
2023-06-14,4372.58984375,0,1,0.89330316
2023-06-15,4425.83984375,0,1,0.9036639
2023-06-16,4409.58984375,0,1,0.90415615
2023-06-20,4388.7099609375,0,1,0.9127803
2023-06-21,4365.68994140625,1,1,0.9112631
2023-06-22,4381.89013671875,1,1,0.91686153
2023-06-23,4348.330078125,1,1,0.9118502
2023-06-26,4328.81982421875,1,1,0.8943197
2023-06-27,4378.41015625,1,1,0.8925572
2023-06-28,4376.85986328125,1,1,0.90322983
2023-06-29,4396.43994140625,1,1,0.9104846
2023-06-30,4450.3798828125,1,1,0.9223592
2023-07-03,4455.58984375,1,1,0.95014966
2023-07-05,4446.81982421875,1,1,0.960216
2023-07-06,4411.58984375,1,1,0.9553914
2023-07-07,4398.9501953125,1,1,0.96153927
2023-07-10,4409.52978515625,1,1,0.962667
2023-07-11,4439.259765625,1,1,0.9659038
2023-07-12,4472.16015625,1,1,0.9709556
2023-07-13,4510.0400390625,1,1,0.97166777
2023-07-14,4505.419921875,1,1,0.9771111
2023-07-17,4522.7900390625,1,1,0.980864
2023-07-18,4554.97998046875,1,1,0.980438
2023-07-19,4565.72021484375,1,1,0.97881776
2023-07-20,4534.8701171875,1,1,0.9761974
2023-07-21,4536.33984375,1,1,0.9750881
2023-07-24,4554.64013671875,1,1,0.97717655
2023-07-25,4567.4599609375,1,1,0.97775924
2023-07-26,4566.75,1,1,0.97933674
2023-07-27,4537.41015625,1,1,0.9743158
2023-07-28,4582.22998046875,1,1,0.9727779
2023-07-31,4588.9599609375,1,1,0.97037953
2023-08-01,4576.72998046875,1,1,0.9652421
2023-08-02,4513.39013671875,1,1,0.9437939
2023-08-03,4501.89013671875,0,1,0.9226322
2023-08-04,4478.02978515625,0,1,0.8785747
2023-08-07,4518.43994140625,0,1,0.8587265
2023-08-08,4499.3798828125,0,1,0.83247644
2023-08-09,4467.7099609375,0,1,0.80275005
2023-08-10,4468.830078125,0,1,0.78963226
2023-08-11,4464.0498046875,0,1,0.7851874
2023-08-14,4489.72021484375,0,1,0.7700403
2023-08-15,4437.85986328125,0,0,0.71113014
2023-08-16,4404.330078125,0,0,0.6980025
2023-08-17,4370.35986328125,0,0,0.68071723
2023-08-18,4369.7099609375,0,0,0.6957594
2023-08-21,4399.77001953125,0,0,0.7201757
2023-08-22,4387.5498046875,0,0,0.74117845
2023-08-23,4436.009765625,0,1,0.77495074
2023-08-24,4376.31005859375,0,0,0.74229336
2023-08-25,4405.7099609375,1,0,0.7625457
2023-08-28,4433.31005859375,1,1,0.7764985
2023-08-29,4497.6298828125,1,1,0.7720735
2023-08-30,4514.8701171875,1,1,0.7701367
2023-08-31,4507.66015625,0,0,0.75256836
2023-09-01,4515.77001953125,0,0,0.7540274
2023-09-05,4496.830078125,0,0,0.75611115
2023-09-06,4465.47998046875,0,0,0.7374868
2023-09-07,4451.14013671875,1,0,0.755221
2023-09-08,4457.490234375,1,0,0.76963973
2023-09-11,4487.4599609375,1,1,0.7822053
2023-09-12,4461.89990234375,1,0,0.76920253
2023-09-13,4467.43994140625,1,0,0.7609395
2023-09-14,4505.10009765625,1,1,0.772675
2023-09-15,4450.31982421875,1,0,0.72109044
2023-09-18,4453.52978515625,1,0,0.7212827
2023-09-19,4443.9501953125,1,0,0.7339898
2023-09-20,4402.2001953125,1,0,0.6769786
2023-09-21,4330.0,0,0,0.5684914
2023-09-22,4320.06005859375,0,0,0.5112674
2023-09-25,4337.43994140625,0,0,0.46431357
2023-09-26,4273.52978515625,0,0,0.3974885
2023-09-27,4274.509765625,0,0,0.3915364
2023-09-28,4299.7001953125,0,0,0.41023275
2023-09-29,4288.0498046875,0,0,0.46057186
2023-10-02,4288.39013671875,0,0,0.49179098
2023-10-03,4229.4501953125,0,0,0.43590507
2023-10-04,4263.75,0,0,0.4598481
2023-10-05,4258.18994140625,1,0,0.48875615
2023-10-06,4308.5,1,0,0.52524394
2023-10-09,4335.66015625,1,0,0.5175155
2023-10-10,4358.240234375,1,0,0.48318744
2023-10-11,4376.9501953125,0,0,0.47416666
2023-10-12,4349.60986328125,0,0,0.39933887
2023-10-13,4327.77978515625,0,0,0.30680588
2023-10-16,4373.6298828125,0,0,0.31413183
2023-10-17,4373.2001953125,0,0,0.30439523
2023-10-18,4314.60009765625,0,0,0.28373975
2023-10-19,4278.0,0,0,0.20152971
2023-10-20,4224.16015625,1,0,0.15409254
2023-10-23,4217.0400390625,1,0,0.16355477
2023-10-24,4247.68017578125,1,0,0.19364874
2023-10-25,4186.77001953125,1,0,0.18262438
2023-10-26,4137.22998046875,0,0,0.17931904
2023-10-27,4117.3701171875,0,0,0.17736241
2023-10-30,4166.81982421875,0,0,0.2204366
2023-10-31,4193.7998046875,0,0,0.24202716
2023-11-01,4237.85986328125,1,0,0.26621905
2023-11-02,4317.77978515625,0,0,0.29676604
2023-11-03,4358.33984375,0,0,0.28802696
2023-11-06,4365.97998046875,0,0,0.26464543
2023-11-07,4378.3798828125,0,0,0.24268214
2023-11-08,4382.77978515625,0,0,0.24062966
2023-11-09,4347.35009765625,0,0,0.23876242
2023-11-10,4415.240234375,0,0,0.2629596
2023-11-13,4411.5498046875,0,0,0.3079818
2023-11-14,4495.7001953125,0,0,0.34178054
2023-11-15,4502.8798828125,0,0,0.39406765
2023-11-16,4508.240234375,0,0,0.45986432
2023-11-17,4514.02001953125,0,0,0.5106449
2023-11-20,4547.3798828125,0,0,0.57224333
2023-11-21,4538.18994140625,0,0,0.64398533
2023-11-22,4556.6201171875,0,0,0.71033204
2023-11-24,4559.33984375,0,1,0.80960006
2023-11-27,4550.43017578125,0,1,0.86871666
2023-11-28,4554.89013671875,0,1,0.900435
2023-11-29,4550.580078125,1,1,0.92231095
2023-11-30,4567.7998046875,1,1,0.921944
2023-12-01,4594.6298828125,1,1,0.9259958
2023-12-04,4569.77978515625,1,1,0.91794485
2023-12-05,4567.18017578125,1,1,0.92443246
2023-12-06,4549.33984375,1,1,0.9138381
2023-12-07,4585.58984375,1,1,0.88787484
2023-12-08,4604.3701171875,1,1,0.89660937
2023-12-11,4622.43994140625,1,1,0.87800235
2023-12-12,4643.7001953125,1,1,0.89599884
2023-12-13,4707.08984375,1,1,0.90674216
2023-12-14,4719.5498046875,1,1,0.9039988
2023-12-15,4719.18994140625,1,1,0.88166875
2023-12-18,4740.56005859375,1,1,0.8961538
2023-12-19,4768.3701171875,1,1,0.89421064
2023-12-20,4698.35009765625,1,1,0.8886448
2023-12-21,4746.75,1,1,0.8979507
2023-12-22,4754.6298828125,1,1,0.90081286
2023-12-26,4774.75,1,1,0.9098767
2023-12-27,4781.580078125,1,1,0.9289891
2023-12-28,4783.35009765625,1,1,0.93080175
2023-12-29,4769.830078125,1,1,0.9292209
2024-01-02,4742.830078125,1,1,0.9251137
2024-01-03,4704.81005859375,0,1,0.91266453
2024-01-04,4688.68017578125,0,1,0.89894676
2024-01-05,4697.240234375,0,1,0.90195686
2024-01-08,4763.5400390625,0,1,0.9122787
2024-01-09,4756.5,0,1,0.9238297
2024-01-10,4783.4501953125,1,1,0.93073535
2024-01-11,4780.240234375,1,1,0.93175834
2024-01-12,4783.830078125,1,1,0.9394969
2024-01-16,4765.97998046875,1,1,0.9301265
2024-01-17,4739.2099609375,1,1,0.9215482
2024-01-18,4780.93994140625,1,1,0.9215799
2024-01-19,4839.81005859375,1,1,0.92484504
2024-01-22,4850.43017578125,1,1,0.93935794
2024-01-23,4864.60009765625,1,1,0.9553715
2024-01-24,4868.5498046875,1,1,0.95485646
2024-01-25,4894.16015625,1,1,0.9497701
2024-01-26,4890.97021484375,1,1,0.9393937
2024-01-29,4927.93017578125,1,1,0.926674
2024-01-30,4924.97021484375,1,1,0.93047106
2024-01-31,4845.64990234375,1,1,0.9144874
2024-02-01,4906.18994140625,1,1,0.90548736
2024-02-02,4958.60986328125,1,1,0.8810959
2024-02-05,4942.81005859375,1,1,0.8696659
2024-02-06,4954.22998046875,1,1,0.88014776
2024-02-07,4995.06005859375,1,1,0.87187606
2024-02-08,4997.91015625,1,1,0.9015534
2024-02-09,5026.60986328125,1,1,0.89986616
2024-02-12,5021.83984375,1,1,0.8901001
2024-02-13,4953.169921875,1,1,0.8379046
2024-02-14,5000.6201171875,1,1,0.8460026
2024-02-15,5029.72998046875,1,1,0.86771095
2024-02-16,5005.56982421875,1,1,0.86428034
2024-02-20,4975.509765625,1,1,0.85016733
2024-02-21,4981.7998046875,1,1,0.83976096
2024-02-22,5087.02978515625,1,1,0.8325765
2024-02-23,5088.7998046875,1,1,0.83979046
2024-02-26,5069.52978515625,1,1,0.84100467
2024-02-27,5078.18017578125,1,1,0.8567594
2024-02-28,5069.759765625,1,1,0.8626886
2024-02-29,5096.27001953125,1,1,0.8887101
2024-03-01,5137.080078125,1,1,0.8917308
2024-03-04,5130.9501953125,1,1,0.8870769
2024-03-05,5078.64990234375,1,1,0.8665358
2024-03-06,5104.759765625,1,1,0.88132685
2024-03-07,5157.35986328125,1,1,0.87434787
2024-03-08,5123.68994140625,1,1,0.8418031
2024-03-11,5117.93994140625,1,1,0.8108879
2024-03-12,5175.27001953125,1,1,0.8012118
2024-03-13,5165.31005859375,1,1,0.8138202
2024-03-14,5150.47998046875,1,1,0.791816
2024-03-15,5117.08984375,1,0,0.7607946
2024-03-18,5149.419921875,1,0,0.7468356
2024-03-19,5178.509765625,1,0,0.756906
2024-03-20,5224.6201171875,1,1,0.78809285
2024-03-21,5241.52978515625,1,1,0.8097577
2024-03-22,5234.18017578125,1,1,0.80330706
2024-03-25,5218.18994140625,1,1,0.8250278
2024-03-26,5203.580078125,1,1,0.81691736
2024-03-27,5248.490234375,1,1,0.801188
2024-03-28,5254.35009765625,1,1,0.7804593
2024-04-01,5243.77001953125,1,0,0.75049853
2024-04-02,5205.81005859375,1,0,0.70708364
2024-04-03,5211.490234375,1,0,0.70029557
2024-04-04,5147.2099609375,0,0,0.57461566
2024-04-05,5204.33984375,0,0,0.55653113
2024-04-08,5202.39013671875,0,0,0.55592185
2024-04-09,5209.91015625,0,0,0.55122614
2024-04-10,5160.64013671875,0,0,0.52348024
2024-04-11,5199.06005859375,0,0,0.5380361
2024-04-12,5123.41015625,0,0,0.4129575
2024-04-15,5061.81982421875,0,0,0.30341375
2024-04-16,5051.41015625,0,0,0.30790356
2024-04-17,5022.2099609375,0,0,0.29634732
2024-04-18,5011.1201171875,0,0,0.32552254
2024-04-19,4967.22998046875,0,0,0.34133425
2024-04-22,5010.60009765625,0,0,0.41109863
2024-04-23,5070.5498046875,0,0,0.48226434
2024-04-24,5071.6298828125,0,0,0.535926
2024-04-25,5048.419921875,0,0,0.5586142
2024-04-26,5099.9599609375,1,0,0.57766014
2024-04-29,5116.169921875,1,0,0.6439241
2024-04-30,5035.68994140625,1,0,0.61455834
2024-05-01,5018.39013671875,1,0,0.5972218
2024-05-02,5064.2001953125,1,0,0.5699751
2024-05-03,5127.7900390625,1,0,0.5870595
2024-05-06,5180.740234375,0,0,0.6103209
2024-05-07,5187.7001953125,0,0,0.6544685
2024-05-08,5187.669921875,0,0,0.6523038
2024-05-09,5214.080078125,0,0,0.6826375
2024-05-10,5222.68017578125,0,0,0.67617935
2024-05-13,5221.419921875,0,0,0.65050703
2024-05-14,5246.68017578125,0,0,0.66947883
2024-05-15,5308.14990234375,0,0,0.7332503
2024-05-16,5297.10009765625,0,0,0.7634116
2024-05-17,5303.27001953125,0,1,0.7836807
2024-05-20,5308.1298828125,0,1,0.8002812
2024-05-21,5321.41015625,0,1,0.8222243
2024-05-22,5307.009765625,0,1,0.83666223
2024-05-23,5267.83984375,0,1,0.832768
2024-05-24,5304.72021484375,1,1,0.856319
2024-05-28,5306.0400390625,1,1,0.85344535
2024-05-29,5266.9501953125,1,1,0.81289107
2024-05-30,5235.47998046875,1,1,0.79137534
2024-05-31,5277.509765625,1,1,0.7718684
2024-06-03,5283.39990234375,1,0,0.7351947
2024-06-04,5291.33984375,1,0,0.70968276
2024-06-05,5354.02978515625,1,0,0.7005494
2024-06-06,5352.9599609375,1,0,0.6682429
2024-06-07,5346.990234375,1,0,0.65076935
2024-06-10,5360.7900390625,1,0,0.62830883
2024-06-11,5375.31982421875,1,0,0.61530083
2024-06-12,5421.02978515625,1,0,0.63561976
2024-06-13,5433.740234375,1,0,0.637085
2024-06-14,5431.60009765625,1,0,0.62544954
2024-06-17,5473.22998046875,1,0,0.6137603
2024-06-18,5487.02978515625,1,0,0.6231835
2024-06-20,5473.169921875,1,0,0.56968534
2024-06-21,5464.6201171875,1,0,0.56412315
2024-06-24,5447.8701171875,1,0,0.5915027
2024-06-25,5469.2998046875,1,0,0.6096134
2024-06-26,5477.89990234375,1,0,0.62838244
2024-06-27,5482.8701171875,1,0,0.6792143
2024-06-28,5460.47998046875,1,0,0.6444867
2024-07-01,5475.08984375,1,0,0.6412459
2024-07-02,5509.009765625,1,0,0.68526095
2024-07-03,5537.02001953125,1,0,0.68228436
2024-07-05,5567.18994140625,1,0,0.6664496
2024-07-08,5572.85009765625,1,0,0.65073496
2024-07-09,5576.97998046875,1,0,0.6276407
2024-07-10,5633.91015625,1,0,0.65664446
2024-07-11,5584.5400390625,1,0,0.63998395
2024-07-12,5615.35009765625,1,0,0.6745603
2024-07-15,5631.22021484375,1,0,0.6371193
2024-07-16,5667.2001953125,1,0,0.61201125
2024-07-17,5588.27001953125,1,0,0.5237912
2024-07-18,5544.58984375,1,0,0.39517218
2024-07-19,5505.0,0,0,0.30923378
2024-07-22,5564.41015625,0,0,0.3774135
2024-07-23,5555.740234375,0,0,0.33836654
2024-07-24,5427.1298828125,0,0,0.17665303
2024-07-25,5399.22021484375,0,0,0.11571755
2024-07-26,5459.10009765625,0,0,0.12410281
2024-07-29,5463.5400390625,0,0,0.116320826
2024-07-30,5436.43994140625,0,0,0.101500794
2024-07-31,5522.2998046875,0,0,0.12314433
2024-08-01,5446.68017578125,0,0,0.112279415
2024-08-02,5346.56005859375,0,0,0.05261422
2024-08-05,5186.330078125,0,0,0.015674002
2024-08-06,5240.02978515625,0,0,0.019522749
2024-08-07,5199.5,0,0,0.020019803
2024-08-08,5319.31005859375,0,0,0.04329051
2024-08-09,5344.16015625,0,0,0.07990193
2024-08-12,5344.39013671875,0,0,0.08940919
2024-08-13,5434.43017578125,1,0,0.11883708
2024-08-14,5455.2099609375,1,0,0.11929675
2024-08-15,5543.22021484375,0,0,0.09200099
2024-08-16,5554.25,0,0,0.09149056
2024-08-19,5608.25,0,0,0.10322031
2024-08-20,5597.1201171875,0,0,0.15037379
2024-08-21,5620.85009765625,0,0,0.15608427
2024-08-22,5570.64013671875,0,0,0.1617302
2024-08-23,5634.60986328125,0,0,0.19374543
2024-08-26,5616.83984375,0,0,0.22752126
2024-08-27,5625.7998046875,0,0,0.31664684
2024-08-28,5592.18017578125,0,0,0.32918102
2024-08-29,5591.9599609375,0,0,0.38627318
2024-08-30,5648.39990234375,0,0,0.43204373
2024-09-03,5528.93017578125,0,0,0.2986616
2024-09-04,5520.06982421875,1,0,0.2758522
2024-09-05,5503.41015625,1,0,0.3072935
2024-09-06,5408.419921875,0,0,0.24641947
2024-09-09,5471.0498046875,0,0,0.31208572
2024-09-10,5495.52001953125,0,0,0.31174555
2024-09-11,5554.1298828125,0,0,0.3335711
2024-09-12,5595.759765625,1,0,0.36552912
2024-09-13,5626.02001953125,1,0,0.37794977
2024-09-16,5633.08984375,1,0,0.3442124
2024-09-17,5634.580078125,1,0,0.31417418
2024-09-18,5618.259765625,1,0,0.3101459
2024-09-19,5713.64013671875,0,0,0.33536538
2024-09-20,5702.5498046875,0,0,0.3558385
2024-09-23,5718.56982421875,0,0,0.43498465
2024-09-24,5732.93017578125,0,0,0.4502725
2024-09-25,5722.259765625,0,0,0.44372815
2024-09-26,5745.3701171875,0,0,0.45486206
2024-09-27,5738.169921875,0,0,0.4114851
2024-09-30,5762.47998046875,0,0,0.39405188
2024-10-01,5708.75,1,0,0.31611875
2024-10-02,5709.5400390625,1,0,0.32632256
2024-10-03,5699.93994140625,1,0,0.32144225
2024-10-04,5751.06982421875,1,0,0.3763994
2024-10-07,5695.93994140625,1,0,0.34163505
2024-10-08,5751.1298828125,1,0,0.39671427
2024-10-09,5792.0400390625,1,0,0.4250224
2024-10-10,5780.0498046875,1,0,0.4234875
2024-10-11,5815.02978515625,1,0,0.4552246
2024-10-14,5859.85009765625,1,0,0.49064213
2024-10-15,5815.259765625,1,0,0.47572702
2024-10-16,5842.47021484375,1,0,0.5435697
2024-10-17,5841.47021484375,1,0,0.5287729
2024-10-18,5864.669921875,1,0,0.5860501
2024-10-21,5853.97998046875,1,0,0.6106794
2024-10-22,5851.2001953125,1,0,0.6428715
2024-10-23,5797.419921875,1,0,0.5989869
2024-10-24,5809.85986328125,1,0,0.5635345
2024-10-25,5808.1201171875,0,0,0.50110155
2024-10-28,5823.52001953125,0,0,0.4936845
2024-10-29,5832.919921875,0,0,0.5070995
2024-10-30,5813.669921875,0,0,0.51670927
2024-10-31,5705.4501953125,0,0,0.45596215
2024-11-01,5728.7998046875,0,0,0.43690783
2024-11-04,5712.68994140625,0,0,0.4248186
2024-11-05,5782.759765625,0,0,0.45102724
2024-11-06,5929.0400390625,0,0,0.53160644
2024-11-07,5973.10009765625,1,0,0.58725256
2024-11-08,5995.5400390625,0,0,0.5974804
2024-11-11,6001.35009765625,0,0,0.59526145
2024-11-12,5983.990234375,0,0,0.575039
2024-11-13,5985.3798828125,0,0,0.58948034
2024-11-14,5949.169921875,0,0,0.6168146
2024-11-15,5870.6201171875,1,0,0.63829887
2024-11-18,5893.6201171875,1,0,0.6714254
2024-11-19,5916.97998046875,1,0,0.672543
2024-11-20,5917.10986328125,1,0,0.65575814
2024-11-21,5948.7099609375,1,0,0.65834445
2024-11-22,5969.33984375,1,0,0.6849597
2024-11-25,5987.3701171875,1,0,0.7218779
2024-11-26,6021.6298828125,1,0,0.7513894
2024-11-27,5998.740234375,1,0,0.76026595
2024-11-29,6032.3798828125,1,1,0.7720527
2024-12-02,6047.14990234375,1,1,0.80571
2024-12-03,6049.8798828125,1,1,0.851063
2024-12-04,6086.490234375,1,1,0.86594844
2024-12-05,6075.10986328125,1,1,0.8697645
2024-12-06,6090.27001953125,1,1,0.8867902
2024-12-09,6052.85009765625,1,1,0.874096
2024-12-10,6034.91015625,1,1,0.86087596
2024-12-11,6084.18994140625,1,1,0.867638
2024-12-12,6051.25,1,1,0.865071
2024-12-13,6051.08984375,1,1,0.86331695
2024-12-16,6074.080078125,1,1,0.8433798
2024-12-17,6050.60986328125,1,1,0.8153184
2024-12-18,5872.16015625,0,0,0.56257546
2024-12-19,5867.080078125,0,0,0.47246206
2024-12-20,5930.85009765625,0,0,0.48057413
2024-12-23,5974.06982421875,0,0,0.50832266
2024-12-24,6040.0400390625,0,0,0.6172003
2024-12-26,6037.58984375,0,0,0.64618045
2024-12-27,5970.83984375,0,0,0.60714674
2024-12-30,5906.93994140625,0,0,0.55386835
2024-12-31,5881.6298828125,0,0,0.52106893
2025-01-02,5868.5498046875,0,0,0.52082545
2025-01-03,5942.47021484375,0,0,0.60619897
2025-01-06,5975.3798828125,0,0,0.71325517
2025-01-07,5909.02978515625,0,0,0.68376786
2025-01-08,5918.25,0,0,0.7032659
2025-01-10,5827.0400390625,0,0,0.6302243
2025-01-13,5836.22021484375,0,0,0.58425814
2025-01-14,5842.91015625,0,0,0.580224
2025-01-15,5949.91015625,0,0,0.63811576
2025-01-16,5937.33984375,1,0,0.6516053
2025-01-17,5996.66015625,1,0,0.67317677
2025-01-21,6049.240234375,0,0,0.7025068
2025-01-22,6086.3701171875,0,0,0.6945453
2025-01-23,6118.7099609375,0,0,0.7083493
2025-01-24,6101.240234375,0,0,0.72892714
2025-01-27,6012.27978515625,0,0,0.6845302
2025-01-28,6067.7001953125,0,0,0.7313348
2025-01-29,6039.31005859375,0,0,0.7467598
2025-01-30,6071.169921875,0,1,0.7781459
2025-01-31,6040.52978515625,0,1,0.78467596
2025-02-03,5994.56982421875,1,0,0.75081176
2025-02-04,6037.8798828125,1,0,0.75524104
2025-02-05,6061.47998046875,1,0,0.75086373
2025-02-06,6083.56982421875,1,0,0.7265828
2025-02-07,6025.990234375,1,0,0.6623172
2025-02-10,6066.43994140625,1,0,0.6357745
2025-02-11,6068.5,1,0,0.62762076
2025-02-12,6051.97021484375,1,0,0.596019
2025-02-13,6115.06982421875,1,0,0.5898415
2025-02-14,6114.6298828125,1,0,0.56142575
2025-02-18,6129.580078125,1,0,0.56927633
2025-02-19,6144.14990234375,1,0,0.61707604
2025-02-20,6117.52001953125,1,0,0.61637217
2025-02-21,6013.1298828125,1,0,0.5298853
2025-02-24,5983.25,0,0,0.5021661
2025-02-25,5955.25,0,0,0.4645177
2025-02-26,5956.06005859375,0,0,0.43358222
2025-02-27,5861.56982421875,0,0,0.33758473
2025-02-28,5954.5,0,0,0.29509425
2025-03-03,5849.72021484375,0,0,0.1966194
2025-03-04,5778.14990234375,0,0,0.12790534
2025-03-05,5842.6298828125,0,0,0.108473055
2025-03-06,5738.52001953125,0,0,0.07190541
2025-03-07,5770.2001953125,0,0,0.07206634
2025-03-10,5614.56005859375,0,0,0.044024773
2025-03-11,5572.06982421875,0,0,0.039498128
2025-03-12,5599.2998046875,0,0,0.048934706
2025-03-13,5521.52001953125,0,0,0.048953015
2025-03-14,5638.93994140625,0,0,0.06803332
2025-03-17,5675.1201171875,0,0,0.08330193
2025-03-18,5614.66015625,0,0,0.090813115
2025-03-19,5675.2900390625,0,0,0.11436852
2025-03-20,5662.89013671875,1,0,0.12709619
2025-03-21,5667.56005859375,1,0,0.14443363
2025-03-24,5767.56982421875,0,0,0.17435487
2025-03-25,5776.64990234375,0,0,0.20699479
2025-03-26,5712.2001953125,0,0,0.21102466
2025-03-27,5693.31005859375,0,0,0.21632877
2025-03-28,5580.93994140625,0,0,0.18111168
2025-03-31,5611.85009765625,0,0,0.15138765
2025-04-01,5633.06982421875,0,0,0.1438276
2025-04-02,5670.97021484375,0,0,0.13657324
2025-04-03,5396.52001953125,0,0,0.07059395
2025-04-04,5074.080078125,0,0,0.02533443
2025-04-07,5062.25,0,0,0.012791616
2025-04-08,4982.77001953125,0,0,0.0062339026
2025-04-09,5456.89990234375,0,0,0.008009429
2025-04-10,5268.0498046875,0,0,0.0058352035
2025-04-11,5363.35986328125,0,0,0.00882797
2025-04-14,5405.97021484375,0,0,0.01823378
2025-04-15,5396.6298828125,0,0,0.024777038
2025-04-16,5275.7001953125,0,0,0.025291879
2025-04-17,5282.7001953125,0,0,0.027093658
2025-04-21,5158.2001953125,0,0,0.022201499
2025-04-22,5287.759765625,0,0,0.029847084
2025-04-23,5375.85986328125,0,0,0.04045245
2025-04-24,5484.77001953125,0,0,0.05567451
2025-04-25,5525.2099609375,0,0,0.07130191
2025-04-28,5528.75,0,0,0.073938966
2025-04-29,5560.830078125,0,0,0.06687244
2025-04-30,5569.06005859375,0,0,0.05287339
2025-05-01,5604.14013671875,0,0,0.0452427
2025-05-02,5686.669921875,0,0,0.052860707
2025-05-05,5650.3798828125,0,0,0.055645414
2025-05-06,5606.91015625,0,0,0.073602766
2025-05-07,5631.27978515625,0,0,0.0916169
2025-05-08,5663.93994140625,0,0,0.10483642
2025-05-09,5659.91015625,0,0,0.12605157
2025-05-12,5844.18994140625,0,0,0.19506466
2025-05-13,5886.5498046875,0,0,0.2137408
2025-05-14,5892.580078125,0,0,0.25018948
2025-05-15,5916.93017578125,0,0,0.28400278
2025-05-16,5958.3798828125,0,0,0.29707164
2025-05-19,5963.60009765625,0,0,0.30859357
2025-05-20,5940.4599609375,0,0,0.3288118
2025-05-21,5844.60986328125,0,0,0.28718084
2025-05-22,5842.009765625,0,0,0.2880118
2025-05-23,5802.81982421875,1,0,0.28603053
2025-05-27,5921.5400390625,0,0,0.3287011
2025-05-28,5888.5498046875,1,0,0.33209005
2025-05-29,5912.169921875,1,0,0.34887555
2025-05-30,5911.68994140625,1,0,0.3415368
2025-06-02,5935.93994140625,1,0,0.3468654
2025-06-03,5970.3701171875,1,0,0.3714446
2025-06-04,5970.81005859375,1,0,0.37030384
2025-06-05,5939.2998046875,1,0,0.38072166
2025-06-06,6000.35986328125,1,0,0.4331142
2025-06-09,6005.8798828125,1,0,0.4546324
2025-06-10,6038.81005859375,1,0,0.5403709
2025-06-11,6022.240234375,1,0,0.55461425
2025-06-12,6045.259765625,1,0,0.5602963
2025-06-13,5976.97021484375,0,0,0.5524857
2025-06-16,6033.10986328125,1,0,0.5795398
2025-06-17,5982.72021484375,0,0,0.5398315
2025-06-18,5980.8701171875,0,0,0.5421223
2025-06-20,5967.83984375,0,0,0.5348252
2025-06-23,6025.169921875,0,0,0.53732944
2025-06-24,6092.18017578125,0,0,0.5803843
2025-06-25,6092.16015625,1,0,0.6000377
2025-06-26,6141.02001953125,1,0,0.62326795
2025-06-27,6173.06982421875,1,0,0.6259701
2025-06-30,6204.9501953125,1,0,0.6368609
2025-07-01,6198.009765625,1,0,0.6615666
2025-07-02,6227.419921875,1,0,0.67634344
2025-07-03,6279.35009765625,0,0,0.694305
2025-07-07,6229.97998046875,0,0,0.65876085
2025-07-08,6225.52001953125,1,0,0.68011326
2025-07-09,6263.259765625,1,0,0.69049156
2025-07-10,6280.4599609375,1,0,0.69855946
2025-07-11,6259.75,1,0,0.6806517
2025-07-14,6268.56005859375,1,0,0.65342975
2025-07-15,6243.759765625,1,0,0.5936689
2025-07-16,6263.7001953125,1,0,0.59432906
2025-07-17,6297.35986328125,1,0,0.59205765
2025-07-18,6296.7900390625,1,0,0.592403
2025-07-21,6305.60009765625,1,0,0.6248672
2025-07-22,6309.6201171875,1,0,0.66437334
2025-07-23,6358.91015625,1,0,0.6859946
2025-07-24,6363.35009765625,1,0,0.7154483
2025-07-25,6388.64013671875,1,0,0.7493908
2025-07-28,6389.77001953125,1,1,0.77401644
2025-07-29,6370.85986328125,1,1,0.7786711
2025-07-30,6362.89990234375,1,1,0.78761023
2025-07-31,6339.39013671875,1,0,0.7466157
2025-08-01,6238.009765625,0,0,0.64378846
2025-08-04,6329.93994140625,0,0,0.6491134
2025-08-05,6299.18994140625,0,0,0.636706
2025-08-06,6345.06005859375,0,0,0.65491825
2025-08-07,6340.0,0,0,0.6504713
2025-08-08,6389.4501953125,0,0,0.661926
2025-08-11,6373.4501953125,0,0,0.6857779
2025-08-12,6445.759765625,1,0,0.7049486
2025-08-13,6466.580078125,1,0,0.7183705
2025-08-14,6468.5400390625,1,0,0.713559
2025-08-15,6449.7998046875,1,0,0.6992978
2025-08-18,6449.14990234375,1,0,0.708485
2025-08-19,6411.3701171875,1,0,0.6622411
2025-08-20,6395.77978515625,1,0,0.62474406
2025-08-21,6370.169921875,0,0,0.58864135
2025-08-22,6466.91015625,1,0,0.59592885
2025-08-25,6439.31982421875,1,0,0.5806421
2025-08-26,6465.93994140625,1,0,0.6146824
2025-08-27,6481.39990234375,1,0,0.62299347
2025-08-28,6501.85986328125,1,0,0.6445067
2025-08-29,6460.259765625,1,0,0.640207
2025-09-02,6415.5400390625,1,0,0.5956032
2025-09-03,6448.259765625,1,0,0.57156825
2025-09-04,6502.080078125,1,0,0.5708097
2025-09-05,6481.5,1,0,0.56112784
2025-09-08,6495.14990234375,1,0,0.55929774
2025-09-09,6512.60986328125,1,0,0.5464197
2025-09-10,6532.0400390625,1,0,0.539363
2025-09-11,6587.47021484375,1,0,0.57978
2025-09-12,6584.2900390625,1,0,0.5711289
2025-09-15,6615.27978515625,1,0,0.5408212
2025-09-16,6606.759765625,1,0,0.5003289
2025-09-17,6600.35009765625,1,0,0.452728
2025-09-18,6631.9599609375,1,0,0.44095287
2025-09-19,6664.35986328125,1,0,0.43405572
2025-09-22,6693.75,1,0,0.4389065
2025-09-23,6656.919921875,1,0,0.429976
2025-09-24,6637.97021484375,1,0,0.4227955
2025-09-25,6604.72021484375,1,0,0.35940114
2025-09-26,6643.7001953125,1,0,0.40759593
2025-09-29,6661.2099609375,1,0,0.41401315
2025-09-30,6688.4599609375,1,0,0.4101155
2025-10-01,6711.2001953125,1,0,0.44298247
2025-10-02,6715.35009765625,1,0,0.43509468
2025-10-03,6715.7900390625,1,0,0.39495403
2025-10-06,6740.27978515625,1,0,0.36486727
2025-10-07,6714.58984375,1,0,0.31906992
2025-10-08,6753.72021484375,1,0,0.32444575
2025-10-09,6735.10986328125,1,0,0.33181286
2025-10-10,6552.509765625,0,0,0.22185625
2025-10-13,6654.72021484375,0,0,0.23393685
2025-10-14,6644.31005859375,0,0,0.22701843
2025-10-15,6671.06005859375,0,0,0.24727508
2025-10-16,6629.06982421875,0,0,0.20655853
2025-10-17,6664.009765625,0,0,0.24136747
2025-10-20,6735.1298828125,0,0,0.29119414
2025-10-21,6735.35009765625,1,0,0.32459465
2025-10-22,6699.39990234375,1,0,0.37484908
2025-10-23,6738.43994140625,1,0,0.4021744
2025-10-24,6791.68994140625,1,0,0.43051067
2025-10-27,6875.16015625,0,0,0.4963947
2025-10-28,6890.89013671875,0,0,0.49973354
2025-10-29,6890.58984375,0,0,0.49550825
2025-10-30,6822.33984375,0,0,0.5235986
2025-10-31,6840.2001953125,0,0,0.53076607
2025-11-03,6851.97021484375,1,0,0.50780344
2025-11-04,6771.5498046875,1,0,0.43569925
2025-11-05,6796.2900390625,1,0,0.4186612
2025-11-06,6720.31982421875,0,0,0.39385805
2025-11-07,6728.7998046875,0,0,0.3697298
2025-11-10,6832.43017578125,0,0,0.3814339
2025-11-11,6846.60986328125,1,0,0.36812177
2025-11-12,6850.919921875,1,0,0.3678995
2025-11-13,6737.490234375,0,0,0.2924029
2025-11-14,6734.10986328125,0,0,0.261568
2025-11-17,6672.41015625,0,0,0.21468501
2025-11-18,6617.31982421875,0,0,0.17631724
2025-11-19,6642.16015625,0,0,0.17701936
2025-11-20,6538.759765625,0,0,0.12490351
2025-11-21,6602.990234375,0,0,0.14235754
2025-11-24,6705.1201171875,0,0,0.16184974
2025-11-25,6765.8798828125,0,0,0.20963639
2025-11-26,6812.60986328125,1,0,0.26070157
2025-11-28,6849.08984375,0,0,0.28905296
2025-12-01,6812.6298828125,0,0,0.30786088
2025-12-02,6829.3701171875,0,0,0.3304436
2025-12-03,6849.72021484375,0,0,0.35536236
2025-12-04,6857.1201171875,0,0,0.41036248
2025-12-05,6870.39990234375,0,0,0.4410834
2025-12-08,6846.509765625,0,0,0.47286278
2025-12-09,6840.509765625,0,0,0.49738488
2025-12-10,6886.68017578125,0,0,0.47374105
2025-12-11,6901.0,0,0,0.520876
2025-12-12,6827.41015625,0,0,0.5187782
2025-12-15,6816.509765625,1,0,0.5066133
2025-12-16,6800.259765625,1,0,0.52726513
2025-12-17,6721.43017578125,0,0,0.49238932
2025-12-18,6774.759765625,0,0,0.48950192
2025-12-19,6834.5,0,0,0.52201223
2025-12-22,6878.490234375,1,0,0.5763535
2025-12-23,6909.7900390625,1,0,0.6668563
2025-12-24,6932.0498046875,1,0,0.737259
2025-12-26,6929.93994140625,1,0,0.7676239
2025-12-29,6905.740234375,1,0,0.707236
2025-12-30,6896.240234375,1,0,0.7047656
2025-12-31,6845.5,1,0,0.64839184
2026-01-02,6858.47021484375,1,0,0.5923173
2026-01-05,6902.0498046875,1,0,0.5787001
2026-01-06,6944.81982421875,1,0,0.5830292
2026-01-07,6920.93017578125,1,0,0.57952726
2026-01-08,6921.4599609375,1,0,0.64405006
2026-01-09,6966.27978515625,1,0,0.69628364
2026-01-12,6977.27001953125,1,0,0.72160167
2026-01-13,6963.740234375,1,1,0.77712476
2026-01-14,6926.60009765625,1,0,0.72425926
2026-01-15,6944.47021484375,1,1,0.80085963
2026-01-16,6940.009765625,1,1,0.82122034
2026-01-20,6796.85986328125,0,0,0.7598224
2026-01-21,6875.6201171875,0,1,0.78777784
2026-01-22,6913.35009765625,0,1,0.83264875
2026-01-23,6915.60986328125,1,1,0.8401277
2026-01-26,6950.22998046875,1,1,0.88046795
2026-01-27,6978.60009765625,1,1,0.8837617
2026-01-28,6978.02978515625,1,1,0.88971287
2026-01-29,6969.009765625,1,1,0.88134915
2026-01-30,6939.02978515625,1,1,0.84373033
2026-02-02,6976.43994140625,1,1,0.8482315
2026-02-03,6917.81005859375,1,1,0.81642354
2026-02-04,6882.72021484375,1,1,0.8265474
2026-02-05,6798.39990234375,0,0,0.75683653
2026-02-06,6932.2998046875,0,0,0.7522687
2026-02-09,6964.81982421875,1,1,0.8083907
2026-02-10,6941.81005859375,1,1,0.8518718
2026-02-11,6941.47021484375,1,1,0.8701099
2026-02-12,6832.759765625,0,1,0.8165483
2026-02-13,6836.169921875,0,1,0.78410006
