Date,GSPC,y_true,y_pred,y_pred_prob,horizon
2021-11-01,4613.669921875,0,1,0.37629926,20days
2021-11-02,4630.64990234375,0,1,0.38123506,20days
2021-11-03,4660.56982421875,0,1,0.3852979,20days
2021-11-04,4680.06005859375,0,1,0.38899884,20days
2021-11-05,4697.52978515625,0,1,0.38914302,20days
2021-11-08,4701.7001953125,0,1,0.38918853,20days
2021-11-09,4685.25,0,1,0.37721682,20days
2021-11-10,4646.7099609375,0,1,0.35641468,20days
2021-11-11,4649.27001953125,0,1,0.3502632,20days
2021-11-12,4682.85009765625,0,1,0.3443413,20days
2021-11-15,4682.7998046875,0,1,0.3452467,20days
2021-11-16,4700.89990234375,0,1,0.35352722,20days
2021-11-17,4688.669921875,0,1,0.3326594,20days
2021-11-18,4704.5400390625,0,1,0.31995234,20days
2021-11-19,4697.9599609375,0,1,0.30364153,20days
2021-11-22,4682.93994140625,0,0,0.2719409,20days
2021-11-23,4690.7001953125,0,0,0.26497716,20days
2021-11-24,4701.4599609375,0,0,0.26798427,20days
2021-11-26,4594.6201171875,0,0,0.2371263,20days
2021-11-29,4655.27001953125,0,0,0.24315143,20days
2021-11-30,4567.0,0,0,0.23145263,20days
2021-12-01,4513.0400390625,0,0,0.20905209,20days
2021-12-02,4577.10009765625,0,0,0.20911503,20days
2021-12-03,4538.43017578125,0,0,0.20591731,20days
2021-12-06,4591.669921875,0,0,0.20986429,20days
2021-12-07,4686.75,0,0,0.21576093,20days
2021-12-08,4701.2099609375,0,0,0.21139713,20days
2021-12-09,4667.4501953125,0,0,0.19846655,20days
2021-12-10,4712.02001953125,0,0,0.20696977,20days
2021-12-13,4668.97021484375,0,0,0.20004006,20days
2021-12-14,4634.08984375,0,0,0.20913655,20days
2021-12-15,4709.85009765625,0,0,0.22585922,20days
2021-12-16,4668.669921875,0,0,0.22111252,20days
2021-12-17,4620.64013671875,0,0,0.21294889,20days
2021-12-20,4568.02001953125,0,0,0.19950211,20days
2021-12-21,4649.22998046875,0,0,0.1981023,20days
2021-12-22,4696.56005859375,0,0,0.21298498,20days
2021-12-23,4725.7900390625,0,0,0.23401171,20days
2021-12-27,4791.18994140625,0,0,0.24503975,20days
2021-12-28,4786.35009765625,0,0,0.25218555,20days
2021-12-29,4793.06005859375,0,0,0.2524944,20days
2021-12-30,4778.72998046875,0,0,0.24528511,20days
2021-12-31,4766.18017578125,0,0,0.24206156,20days
2022-01-03,4796.56005859375,0,0,0.25319707,20days
2022-01-04,4793.5400390625,0,0,0.24972072,20days
2022-01-05,4700.580078125,0,0,0.22982141,20days
2022-01-06,4696.0498046875,0,0,0.2132246,20days
2022-01-07,4677.02978515625,0,0,0.19306001,20days
2022-01-10,4670.2900390625,0,0,0.1793616,20days
2022-01-11,4713.06982421875,0,0,0.17413259,20days
2022-01-12,4726.35009765625,0,0,0.16486791,20days
2022-01-13,4659.02978515625,0,0,0.14964779,20days
2022-01-14,4662.85009765625,0,0,0.13824639,20days
2022-01-18,4577.10986328125,0,0,0.12310413,20days
2022-01-19,4532.759765625,0,0,0.11542908,20days
2022-01-20,4482.72998046875,0,0,0.11359188,20days
2022-01-21,4397.93994140625,0,0,0.11884972,20days
2022-01-24,4410.1298828125,0,0,0.12942836,20days
2022-01-25,4356.4501953125,0,0,0.13446501,20days
2022-01-26,4349.93017578125,0,0,0.1375185,20days
2022-01-27,4326.509765625,0,0,0.1445459,20days
2022-01-28,4431.85009765625,0,0,0.14986788,20days
2022-01-31,4515.5498046875,0,0,0.16022135,20days
2022-02-01,4546.5400390625,0,0,0.15696532,20days
2022-02-02,4589.3798828125,0,0,0.1399993,20days
2022-02-03,4477.43994140625,0,0,0.14169237,20days
2022-02-04,4500.52978515625,0,0,0.14233856,20days
2022-02-07,4483.8701171875,0,0,0.14094676,20days
2022-02-08,4521.5400390625,0,0,0.13886717,20days
2022-02-09,4587.18017578125,0,0,0.13575365,20days
2022-02-10,4504.080078125,0,0,0.118517585,20days
2022-02-11,4418.64013671875,0,0,0.10311865,20days
2022-02-14,4401.669921875,0,0,0.093841754,20days
2022-02-15,4471.06982421875,0,0,0.08733113,20days
2022-02-16,4475.009765625,0,0,0.0868026,20days
2022-02-17,4380.259765625,0,0,0.08673426,20days
2022-02-18,4348.8701171875,0,0,0.08773757,20days
2022-02-22,4304.759765625,0,0,0.087255076,20days
2022-02-23,4225.5,0,0,0.08262785,20days
2022-02-24,4288.7001953125,0,0,0.083864905,20days
2022-02-25,4384.64990234375,0,0,0.08668079,20days
2022-02-28,4373.93994140625,0,0,0.08948399,20days
2022-03-01,4306.259765625,0,0,0.0860553,20days
2022-03-02,4386.5400390625,0,0,0.08308324,20days
2022-03-03,4363.490234375,0,0,0.079542175,20days
2022-03-04,4328.8701171875,0,0,0.07855051,20days
2022-03-07,4201.08984375,0,0,0.08158436,20days
2022-03-08,4170.7001953125,0,0,0.087393135,20days
2022-03-09,4277.8798828125,0,0,0.097812764,20days
2022-03-10,4259.52001953125,0,0,0.10176001,20days
2022-03-11,4204.31005859375,0,0,0.10710016,20days
2022-03-14,4173.10986328125,0,0,0.11574384,20days
2022-03-15,4262.4501953125,0,0,0.12465396,20days
2022-03-16,4357.85986328125,0,0,0.13759504,20days
2022-03-17,4411.669921875,0,0,0.1529546,20days
2022-03-18,4463.1201171875,0,0,0.16589369,20days
2022-03-21,4461.18017578125,0,0,0.17316215,20days
2022-03-22,4511.60986328125,0,0,0.17996085,20days
2022-03-23,4456.240234375,0,0,0.18307488,20days
2022-03-24,4520.16015625,0,0,0.19215848,20days
2022-03-25,4543.06005859375,0,0,0.19644913,20days
2022-03-28,4575.52001953125,0,0,0.19886307,20days
2022-03-29,4631.60009765625,0,0,0.2011136,20days
2022-03-30,4602.4501953125,0,0,0.19160958,20days
2022-03-31,4530.41015625,0,0,0.18490516,20days
2022-04-01,4545.85986328125,0,0,0.17355335,20days
2022-04-04,4582.64013671875,0,0,0.16723458,20days
2022-04-05,4525.1201171875,0,0,0.1562112,20days
2022-04-06,4481.14990234375,0,0,0.15028802,20days
2022-04-07,4500.2099609375,0,0,0.14771044,20days
2022-04-08,4488.27978515625,0,0,0.14321007,20days
2022-04-11,4412.52978515625,0,0,0.13876908,20days
2022-04-12,4397.4501953125,0,0,0.13364637,20days
2022-04-13,4446.58984375,0,0,0.13166064,20days
2022-04-14,4392.58984375,0,0,0.13589212,20days
2022-04-18,4391.68994140625,0,0,0.13787323,20days
2022-04-19,4462.2099609375,0,0,0.14124086,20days
2022-04-20,4459.4501953125,0,0,0.13734214,20days
2022-04-21,4393.66015625,0,0,0.13135414,20days
2022-04-22,4271.77978515625,0,0,0.12024037,20days
2022-04-25,4296.1201171875,0,0,0.11797552,20days
2022-04-26,4175.2001953125,0,0,0.11734224,20days
2022-04-27,4183.9599609375,0,0,0.117678486,20days
2022-04-28,4287.5,0,0,0.11745894,20days
2022-04-29,4131.93017578125,0,0,0.10947045,20days
2022-05-02,4155.3798828125,0,0,0.10980847,20days
2022-05-03,4175.47998046875,0,0,0.10721951,20days
2022-05-04,4300.169921875,0,0,0.11437195,20days
2022-05-05,4146.8701171875,0,0,0.11861671,20days
2022-05-06,4123.33984375,0,0,0.120789066,20days
2022-05-09,3991.239990234375,0,0,0.11809911,20days
2022-05-10,4001.050048828125,0,0,0.11873753,20days
2022-05-11,3935.179931640625,0,0,0.113680206,20days
2022-05-12,3930.080078125,0,0,0.11014884,20days
2022-05-13,4023.889892578125,0,0,0.11229576,20days
2022-05-16,4008.010009765625,0,0,0.1145879,20days
2022-05-17,4088.85009765625,0,0,0.121355176,20days
2022-05-18,3923.679931640625,0,0,0.12519276,20days
2022-05-19,3900.7900390625,0,0,0.13844663,20days
2022-05-20,3901.360107421875,0,0,0.1498632,20days
2022-05-23,3973.75,0,0,0.16100457,20days
2022-05-24,3941.47998046875,0,0,0.16853146,20days
2022-05-25,3978.72998046875,0,0,0.18005167,20days
2022-05-26,4057.840087890625,0,0,0.18666095,20days
2022-05-27,4158.240234375,0,0,0.19606483,20days
2022-05-31,4132.14990234375,0,0,0.21002991,20days
2022-06-01,4101.22998046875,0,0,0.20448491,20days
2022-06-02,4176.81982421875,0,0,0.2106183,20days
2022-06-03,4108.5400390625,0,0,0.19902413,20days
2022-06-06,4121.43017578125,0,0,0.18048291,20days
2022-06-07,4160.68017578125,0,0,0.16453731,20days
2022-06-08,4115.77001953125,0,0,0.15107937,20days
2022-06-09,4017.820068359375,0,0,0.1343218,20days
2022-06-10,3900.860107421875,0,0,0.12508655,20days
2022-06-13,3749.6298828125,0,0,0.12203084,20days
2022-06-14,3735.47998046875,0,0,0.123926446,20days
2022-06-15,3789.989990234375,0,0,0.13193741,20days
2022-06-16,3666.77001953125,0,0,0.13807507,20days
2022-06-17,3674.840087890625,0,0,0.14806786,20days
2022-06-21,3764.7900390625,0,0,0.15230343,20days
2022-06-22,3759.889892578125,1,0,0.1564166,20days
2022-06-23,3795.72998046875,1,0,0.16255778,20days
2022-06-24,3911.739990234375,1,0,0.17779511,20days
2022-06-27,3900.110107421875,1,0,0.19425975,20days
2022-06-28,3821.550048828125,1,0,0.20117146,20days
2022-06-29,3818.830078125,1,0,0.20983976,20days
2022-06-30,3785.3798828125,1,0,0.21077593,20days
2022-07-01,3825.330078125,1,0,0.21087499,20days
2022-07-05,3831.389892578125,1,0,0.2188702,20days
2022-07-06,3845.080078125,1,0,0.20999248,20days
2022-07-07,3902.6201171875,1,0,0.20802417,20days
2022-07-08,3899.3798828125,1,0,0.2168034,20days
2022-07-11,3854.429931640625,1,0,0.21536872,20days
2022-07-12,3818.800048828125,1,0,0.22416328,20days
2022-07-13,3801.780029296875,1,0,0.23676634,20days
2022-07-14,3790.3798828125,1,0,0.23961428,20days
2022-07-15,3863.159912109375,1,0,0.2451861,20days
2022-07-18,3830.85009765625,1,0,0.25139716,20days
2022-07-19,3936.68994140625,1,0,0.2632761,20days
2022-07-20,3959.89990234375,1,0,0.276861,20days
2022-07-21,3998.949951171875,1,0,0.28934547,20days
2022-07-22,3961.6298828125,1,0,0.28869918,20days
2022-07-25,3966.840087890625,1,1,0.29002455,20days
2022-07-26,3921.050048828125,1,0,0.28487512,20days
2022-07-27,4023.610107421875,1,1,0.300606,20days
2022-07-28,4072.429931640625,0,1,0.31387576,20days
2022-07-29,4130.2900390625,0,1,0.32495204,20days
2022-08-01,4118.6298828125,0,1,0.30806223,20days
2022-08-02,4091.18994140625,0,1,0.2996128,20days
2022-08-03,4155.169921875,0,1,0.3028577,20days
2022-08-04,4151.93994140625,0,1,0.3034129,20days
2022-08-05,4145.18994140625,0,1,0.3046315,20days
2022-08-08,4140.06005859375,0,1,0.306366,20days
2022-08-09,4122.47021484375,0,1,0.2965361,20days
2022-08-10,4210.240234375,0,0,0.28607488,20days
2022-08-11,4207.27001953125,0,0,0.28076905,20days
2022-08-12,4280.14990234375,0,0,0.28721803,20days
2022-08-15,4297.14013671875,0,1,0.29074317,20days
2022-08-16,4305.2001953125,0,1,0.29621285,20days
2022-08-17,4274.0400390625,0,0,0.28645024,20days
2022-08-18,4283.740234375,0,0,0.2692544,20days
2022-08-19,4228.47998046875,0,0,0.25417048,20days
2022-08-22,4137.990234375,0,0,0.2246809,20days
2022-08-23,4128.72998046875,0,0,0.20095426,20days
2022-08-24,4140.77001953125,0,0,0.18506752,20days
2022-08-25,4199.1201171875,0,0,0.17516825,20days
2022-08-26,4057.659912109375,0,0,0.16109012,20days
2022-08-29,4030.610107421875,0,0,0.15148182,20days
2022-08-30,3986.159912109375,0,0,0.15459873,20days
2022-08-31,3955.0,0,0,0.15670753,20days
2022-09-01,3966.85009765625,0,0,0.16222699,20days
2022-09-02,3924.260009765625,0,0,0.15873316,20days
2022-09-06,3908.18994140625,0,0,0.14792725,20days
2022-09-07,3979.8701171875,0,0,0.14270723,20days
2022-09-08,4006.179931640625,0,0,0.13779801,20days
2022-09-09,4067.360107421875,0,0,0.1418687,20days
2022-09-12,4110.41015625,0,0,0.14359185,20days
2022-09-13,3932.68994140625,0,0,0.13875514,20days
2022-09-14,3946.010009765625,0,0,0.12910765,20days
2022-09-15,3901.35009765625,0,0,0.11480934,20days
2022-09-16,3873.330078125,0,0,0.10622476,20days
2022-09-19,3899.889892578125,0,0,0.10121079,20days
2022-09-20,3855.929931640625,0,0,0.09485282,20days
2022-09-21,3789.929931640625,0,0,0.091147944,20days
2022-09-22,3757.989990234375,0,0,0.08762114,20days
2022-09-23,3693.22998046875,1,0,0.08735278,20days
2022-09-26,3655.0400390625,1,0,0.08810718,20days
2022-09-27,3647.2900390625,1,0,0.09488783,20days
2022-09-28,3719.0400390625,1,0,0.10037607,20days
2022-09-29,3640.469970703125,1,0,0.09733199,20days
2022-09-30,3585.6201171875,1,0,0.09747329,20days
2022-10-03,3678.429931640625,1,0,0.09112642,20days
2022-10-04,3790.929931640625,1,0,0.0909726,20days
2022-10-05,3783.280029296875,1,0,0.09045521,20days
2022-10-06,3744.52001953125,1,0,0.0896168,20days
2022-10-07,3639.659912109375,1,0,0.08668509,20days
2022-10-10,3612.389892578125,1,0,0.08419465,20days
2022-10-11,3588.840087890625,1,0,0.079204164,20days
2022-10-12,3577.030029296875,1,0,0.075362556,20days
2022-10-13,3669.909912109375,1,0,0.079716615,20days
2022-10-14,3583.070068359375,1,0,0.08037379,20days
2022-10-17,3677.949951171875,1,0,0.08371415,20days
2022-10-18,3719.97998046875,1,0,0.08932042,20days
2022-10-19,3695.159912109375,1,0,0.097125225,20days
2022-10-20,3665.780029296875,1,0,0.10615105,20days
2022-10-21,3752.75,1,0,0.11607447,20days
2022-10-24,3797.340087890625,1,0,0.12205733,20days
2022-10-25,3859.110107421875,1,0,0.12741582,20days
2022-10-26,3830.60009765625,1,0,0.13597003,20days
2022-10-27,3807.300048828125,1,0,0.13303924,20days
2022-10-28,3901.06005859375,1,0,0.14109732,20days
2022-10-31,3871.97998046875,1,0,0.1426747,20days
2022-11-01,3856.10009765625,1,0,0.14969467,20days
2022-11-02,3759.68994140625,1,0,0.15688074,20days
2022-11-03,3719.889892578125,1,0,0.16440624,20days
2022-11-04,3770.550048828125,1,0,0.17282599,20days
2022-11-07,3806.800048828125,1,0,0.17583925,20days
2022-11-08,3828.110107421875,1,0,0.17603286,20days
2022-11-09,3748.570068359375,1,0,0.1708899,20days
2022-11-10,3956.3701171875,1,0,0.17996664,20days
2022-11-11,3992.929931640625,1,0,0.18577424,20days
2022-11-14,3957.25,1,0,0.1937782,20days
2022-11-15,3991.72998046875,1,0,0.20488879,20days
2022-11-16,3958.7900390625,1,0,0.21255322,20days
2022-11-17,3946.56005859375,1,0,0.21740036,20days
2022-11-18,3965.340087890625,1,0,0.22218871,20days
2022-11-21,3949.93994140625,1,0,0.22227556,20days
2022-11-22,4003.580078125,1,0,0.22216415,20days
2022-11-23,4027.260009765625,1,0,0.21970215,20days
2022-11-25,4026.1201171875,1,0,0.2211601,20days
2022-11-28,3963.93994140625,1,0,0.2063893,20days
2022-11-29,3957.6298828125,1,0,0.20584956,20days
2022-11-30,4080.110107421875,1,0,0.22125998,20days
2022-12-01,4076.570068359375,1,0,0.25439063,20days
2022-12-02,4071.699951171875,1,1,0.29543743,20days
2022-12-05,3998.840087890625,1,1,0.31813222,20days
2022-12-06,3941.260009765625,1,1,0.32626817,20days
2022-12-07,3933.919921875,1,1,0.30491,20days
2022-12-08,3963.510009765625,1,1,0.29125115,20days
2022-12-09,3934.3798828125,1,0,0.26471624,20days
2022-12-12,3990.56005859375,1,0,0.255031,20days
2022-12-13,4019.64990234375,1,0,0.25401154,20days
2022-12-14,3995.320068359375,1,0,0.25626665,20days
2022-12-15,3895.75,1,0,0.2485044,20days
2022-12-16,3852.360107421875,1,0,0.24163793,20days
2022-12-19,3817.659912109375,1,0,0.23789622,20days
2022-12-20,3821.6201171875,1,0,0.23206046,20days
2022-12-21,3878.43994140625,1,0,0.23537694,20days
2022-12-22,3822.389892578125,1,0,0.22717786,20days
2022-12-23,3844.820068359375,1,0,0.22344276,20days
2022-12-27,3829.25,1,0,0.21734485,20days
2022-12-28,3783.219970703125,1,0,0.2257731,20days
2022-12-29,3849.280029296875,1,0,0.23601547,20days
2022-12-30,3839.5,1,0,0.25642124,20days
2023-01-03,3824.139892578125,1,0,0.26640394,20days
2023-01-04,3852.969970703125,1,1,0.29405466,20days
2023-01-05,3808.10009765625,1,1,0.3110217,20days
2023-01-06,3895.080078125,1,1,0.33385673,20days
2023-01-09,3892.090087890625,1,1,0.34633502,20days
2023-01-10,3919.25,1,1,0.35892922,20days
2023-01-11,3969.610107421875,1,1,0.35359615,20days
2023-01-12,3983.169921875,1,1,0.35543436,20days
2023-01-13,3999.090087890625,1,1,0.36409643,20days
2023-01-17,3990.969970703125,1,1,0.36337057,20days
2023-01-18,3928.860107421875,1,1,0.36889976,20days
2023-01-19,3898.85009765625,1,1,0.3714518,20days
2023-01-20,3972.610107421875,1,1,0.37310427,20days
2023-01-23,4019.81005859375,1,1,0.380855,20days
2023-01-24,4016.949951171875,1,1,0.38504636,20days
2023-01-25,4016.219970703125,1,1,0.39335576,20days
2023-01-26,4060.429931640625,1,1,0.408948,20days
2023-01-27,4070.56005859375,1,1,0.42781913,20days
2023-01-30,4017.77001953125,1,1,0.41463417,20days
2023-01-31,4076.60009765625,1,1,0.42961276,20days
2023-02-01,4119.2099609375,1,1,0.42796353,20days
2023-02-02,4179.759765625,1,1,0.4371448,20days
2023-02-03,4136.47998046875,1,1,0.43475246,20days
2023-02-06,4111.080078125,1,1,0.42071941,20days
2023-02-07,4164.0,1,1,0.42424503,20days
2023-02-08,4117.85986328125,1,1,0.41832155,20days
2023-02-09,4081.5,1,1,0.40813303,20days
2023-02-10,4090.4599609375,1,1,0.3953263,20days
2023-02-13,4137.2900390625,1,1,0.39575398,20days
2023-02-14,4136.1298828125,1,1,0.38835758,20days
2023-02-15,4147.60009765625,1,1,0.38311005,20days
2023-02-16,4090.409912109375,1,1,0.36846843,20days
2023-02-17,4079.090087890625,1,1,0.36180434,20days
2023-02-21,3997.340087890625,1,1,0.34712183,20days
2023-02-22,3991.050048828125,1,1,0.32894486,20days
2023-02-23,4012.320068359375,1,1,0.33057716,20days
2023-02-24,3970.0400390625,1,1,0.32713237,20days
2023-02-27,3982.239990234375,1,1,0.32169095,20days
2023-02-28,3970.14990234375,1,1,0.3221056,20days
2023-03-01,3951.389892578125,1,1,0.3252441,20days
2023-03-02,3981.35009765625,1,1,0.32335138,20days
2023-03-03,4045.639892578125,1,1,0.32990405,20days
2023-03-06,4048.419921875,1,1,0.32216972,20days
2023-03-07,3986.3701171875,1,1,0.32658952,20days
2023-03-08,3992.010009765625,1,1,0.33314416,20days
2023-03-09,3918.320068359375,1,1,0.31656507,20days
2023-03-10,3861.590087890625,1,1,0.3105738,20days
2023-03-13,3855.760009765625,1,1,0.2987583,20days
2023-03-14,3919.2900390625,1,1,0.2981237,20days
2023-03-15,3891.929931640625,1,1,0.29124784,20days
2023-03-16,3960.280029296875,1,0,0.28675196,20days
2023-03-17,3916.639892578125,1,0,0.27168518,20days
2023-03-20,3951.570068359375,1,0,0.26721787,20days
2023-03-21,4002.8701171875,1,0,0.27812758,20days
2023-03-22,3936.969970703125,1,0,0.28178293,20days
2023-03-23,3948.719970703125,1,0,0.2889874,20days
2023-03-24,3970.989990234375,1,1,0.29123375,20days
2023-03-27,3977.530029296875,1,0,0.28335774,20days
2023-03-28,3971.27001953125,1,0,0.2707254,20days
2023-03-29,4027.81005859375,1,0,0.26994032,20days
2023-03-30,4050.830078125,1,0,0.26552075,20days
2023-03-31,4109.31005859375,1,0,0.26165402,20days
2023-04-03,4124.509765625,1,0,0.27739084,20days
2023-04-04,4100.60009765625,1,0,0.2878222,20days
2023-04-05,4090.3798828125,1,1,0.29796135,20days
2023-04-06,4105.02001953125,1,1,0.30767825,20days
2023-04-10,4109.10986328125,1,1,0.3048916,20days
2023-04-11,4108.93994140625,1,1,0.29639995,20days
2023-04-12,4091.949951171875,1,1,0.29833347,20days
2023-04-13,4146.22021484375,1,1,0.29691088,20days
2023-04-14,4137.64013671875,1,1,0.2978174,20days
2023-04-17,4151.31982421875,1,1,0.29849097,20days
2023-04-18,4154.8701171875,1,1,0.29683632,20days
2023-04-19,4154.52001953125,1,1,0.30460262,20days
2023-04-20,4129.7900390625,1,1,0.30647236,20days
2023-04-21,4133.52001953125,1,1,0.30037346,20days
2023-04-24,4137.0400390625,1,1,0.29040614,20days
2023-04-25,4071.6298828125,1,0,0.26702857,20days
2023-04-26,4055.989990234375,1,0,0.25265062,20days
2023-04-27,4135.35009765625,1,0,0.2584328,20days
2023-04-28,4169.47998046875,1,0,0.27117676,20days
2023-05-01,4167.8701171875,1,0,0.2602883,20days
2023-05-02,4119.580078125,1,0,0.25229672,20days
2023-05-03,4090.75,1,0,0.24001712,20days
2023-05-04,4061.219970703125,1,0,0.219472,20days
2023-05-05,4136.25,1,0,0.22380643,20days
2023-05-08,4138.1201171875,1,0,0.22543357,20days
2023-05-09,4119.169921875,1,0,0.23519038,20days
2023-05-10,4137.64013671875,1,0,0.24922144,20days
2023-05-11,4130.6201171875,1,0,0.24981228,20days
2023-05-12,4124.080078125,1,0,0.24432737,20days
2023-05-15,4136.27978515625,1,0,0.2520274,20days
2023-05-16,4109.89990234375,1,0,0.25586367,20days
2023-05-17,4158.77001953125,1,0,0.2680006,20days
2023-05-18,4198.0498046875,1,0,0.2805208,20days
2023-05-19,4191.97998046875,1,0,0.27010563,20days
2023-05-22,4192.6298828125,1,0,0.2737458,20days
2023-05-23,4145.580078125,1,0,0.27717423,20days
2023-05-24,4115.240234375,1,0,0.27137563,20days
2023-05-25,4151.27978515625,1,0,0.27912587,20days
2023-05-26,4205.4501953125,1,1,0.29518974,20days
2023-05-30,4205.52001953125,1,1,0.29553092,20days
2023-05-31,4179.830078125,1,1,0.3032883,20days
2023-06-01,4221.02001953125,1,1,0.3018309,20days
2023-06-02,4282.3701171875,1,1,0.32984248,20days
2023-06-05,4273.7900390625,1,1,0.36053273,20days
2023-06-06,4283.85009765625,1,1,0.3870058,20days
2023-06-07,4267.52001953125,1,1,0.41238227,20days
2023-06-08,4293.93017578125,1,1,0.42390895,20days
2023-06-09,4298.85986328125,1,1,0.41466025,20days
2023-06-12,4338.93017578125,1,1,0.39397714,20days
2023-06-13,4369.009765625,1,1,0.3821838,20days
2023-06-14,4372.58984375,1,1,0.37097904,20days
2023-06-15,4425.83984375,1,1,0.3630101,20days
2023-06-16,4409.58984375,1,1,0.36205563,20days
2023-06-20,4388.7099609375,1,1,0.34779397,20days
2023-06-21,4365.68994140625,1,1,0.33306134,20days
2023-06-22,4381.89013671875,1,1,0.32674834,20days
2023-06-23,4348.330078125,1,1,0.30893144,20days
2023-06-26,4328.81982421875,1,0,0.28837675,20days
2023-06-27,4378.41015625,1,0,0.2798443,20days
2023-06-28,4376.85986328125,1,0,0.26979592,20days
2023-06-29,4396.43994140625,1,0,0.27141553,20days
2023-06-30,4450.3798828125,1,0,0.27111036,20days
2023-07-03,4455.58984375,1,0,0.27460337,20days
2023-07-05,4446.81982421875,1,0,0.28791142,20days
2023-07-06,4411.58984375,0,1,0.30294338,20days
2023-07-07,4398.9501953125,0,1,0.32084972,20days
2023-07-10,4409.52978515625,0,1,0.32224408,20days
2023-07-11,4439.259765625,0,1,0.3146632,20days
2023-07-12,4472.16015625,0,1,0.30726546,20days
2023-07-13,4510.0400390625,0,1,0.3071392,20days
2023-07-14,4505.419921875,0,1,0.301745,20days
2023-07-17,4522.7900390625,0,1,0.3052218,20days
2023-07-18,4554.97998046875,0,1,0.3154671,20days
2023-07-19,4565.72021484375,0,1,0.3300912,20days
2023-07-20,4534.8701171875,0,1,0.3328514,20days
2023-07-21,4536.33984375,0,1,0.32254308,20days
2023-07-24,4554.64013671875,0,1,0.30744347,20days
2023-07-25,4567.4599609375,0,0,0.28991088,20days
2023-07-26,4566.75,0,0,0.26981506,20days
2023-07-27,4537.41015625,0,0,0.24682444,20days
2023-07-28,4582.22998046875,0,0,0.23352449,20days
2023-07-31,4588.9599609375,0,0,0.21346828,20days
2023-08-01,4576.72998046875,0,0,0.19222431,20days
2023-08-02,4513.39013671875,0,0,0.17601492,20days
2023-08-03,4501.89013671875,0,0,0.16416693,20days
2023-08-04,4478.02978515625,0,0,0.15842484,20days
2023-08-07,4518.43994140625,0,0,0.15358274,20days
2023-08-08,4499.3798828125,0,0,0.15023237,20days
2023-08-09,4467.7099609375,0,0,0.14550026,20days
2023-08-10,4468.830078125,0,0,0.13912803,20days
2023-08-11,4464.0498046875,0,0,0.13407923,20days
2023-08-14,4489.72021484375,0,0,0.12969996,20days
2023-08-15,4437.85986328125,0,0,0.1253268,20days
2023-08-16,4404.330078125,0,0,0.124884486,20days
2023-08-17,4370.35986328125,0,0,0.12587467,20days
2023-08-18,4369.7099609375,0,0,0.12763993,20days
2023-08-21,4399.77001953125,0,0,0.13240898,20days
2023-08-22,4387.5498046875,0,0,0.13731344,20days
2023-08-23,4436.009765625,0,0,0.14377876,20days
2023-08-24,4376.31005859375,0,0,0.14412278,20days
2023-08-25,4405.7099609375,0,0,0.1458619,20days
2023-08-28,4433.31005859375,0,0,0.15073039,20days
2023-08-29,4497.6298828125,0,0,0.16039728,20days
2023-08-30,4514.8701171875,0,0,0.16876473,20days
2023-08-31,4507.66015625,0,0,0.1770624,20days
2023-09-01,4515.77001953125,0,0,0.17872971,20days
2023-09-05,4496.830078125,0,0,0.17731984,20days
2023-09-06,4465.47998046875,0,0,0.17108965,20days
2023-09-07,4451.14013671875,0,0,0.16744456,20days
2023-09-08,4457.490234375,0,0,0.16243206,20days
2023-09-11,4487.4599609375,0,0,0.15483783,20days
2023-09-12,4461.89990234375,0,0,0.14879753,20days
2023-09-13,4467.43994140625,0,0,0.13526343,20days
2023-09-14,4505.10009765625,0,0,0.13201858,20days
2023-09-15,4450.31982421875,0,0,0.12895486,20days
2023-09-18,4453.52978515625,0,0,0.12370506,20days
2023-09-19,4443.9501953125,0,0,0.122140296,20days
2023-09-20,4402.2001953125,0,0,0.11500343,20days
2023-09-21,4330.0,0,0,0.10556041,20days
2023-09-22,4320.06005859375,0,0,0.101956084,20days
2023-09-25,4337.43994140625,0,0,0.09857545,20days
2023-09-26,4273.52978515625,0,0,0.099900946,20days
2023-09-27,4274.509765625,0,0,0.10429366,20days
2023-09-28,4299.7001953125,0,0,0.10798059,20days
2023-09-29,4288.0498046875,0,0,0.11283428,20days
2023-10-02,4288.39013671875,0,0,0.119705126,20days
2023-10-03,4229.4501953125,0,0,0.12154397,20days
2023-10-04,4263.75,0,0,0.13138555,20days
2023-10-05,4258.18994140625,0,0,0.14290906,20days
2023-10-06,4308.5,1,0,0.15454435,20days
2023-10-09,4335.66015625,1,0,0.16518417,20days
2023-10-10,4358.240234375,1,0,0.17200434,20days
2023-10-11,4376.9501953125,1,0,0.18147536,20days
2023-10-12,4349.60986328125,1,0,0.18760344,20days
2023-10-13,4327.77978515625,1,0,0.19077355,20days
2023-10-16,4373.6298828125,1,0,0.19174431,20days
2023-10-17,4373.2001953125,1,0,0.17801891,20days
2023-10-18,4314.60009765625,1,0,0.16575368,20days
2023-10-19,4278.0,1,0,0.14806396,20days
2023-10-20,4224.16015625,1,0,0.14107999,20days
2023-10-23,4217.0400390625,1,0,0.14145772,20days
2023-10-24,4247.68017578125,1,0,0.14705281,20days
2023-10-25,4186.77001953125,1,0,0.15189828,20days
2023-10-26,4137.22998046875,1,0,0.16183582,20days
2023-10-27,4117.3701171875,1,0,0.1642533,20days
2023-10-30,4166.81982421875,1,0,0.17392372,20days
2023-10-31,4193.7998046875,1,0,0.19254208,20days
2023-11-01,4237.85986328125,1,0,0.22033295,20days
2023-11-02,4317.77978515625,1,0,0.26131022,20days
2023-11-03,4358.33984375,1,1,0.3111565,20days
2023-11-06,4365.97998046875,1,1,0.35194716,20days
2023-11-07,4378.3798828125,1,1,0.3926375,20days
2023-11-08,4382.77978515625,1,1,0.4274853,20days
2023-11-09,4347.35009765625,1,1,0.44417033,20days
2023-11-10,4415.240234375,1,1,0.4686821,20days
2023-11-13,4411.5498046875,1,1,0.4608772,20days
2023-11-14,4495.7001953125,1,1,0.4676892,20days
2023-11-15,4502.8798828125,1,1,0.46630147,20days
2023-11-16,4508.240234375,1,1,0.46698147,20days
2023-11-17,4514.02001953125,1,1,0.48259175,20days
2023-11-20,4547.3798828125,1,1,0.506911,20days
2023-11-21,4538.18994140625,1,1,0.5141232,20days
2023-11-22,4556.6201171875,1,1,0.5167687,20days
2023-11-24,4559.33984375,1,1,0.50981134,20days
2023-11-27,4550.43017578125,1,1,0.48927474,20days
2023-11-28,4554.89013671875,1,1,0.4811642,20days
2023-11-29,4550.580078125,1,1,0.46643195,20days
2023-11-30,4567.7998046875,1,1,0.4600126,20days
2023-12-01,4594.6298828125,1,1,0.44329605,20days
2023-12-04,4569.77978515625,1,1,0.43641293,20days
2023-12-05,4567.18017578125,1,1,0.42822912,20days
2023-12-06,4549.33984375,1,1,0.4275083,20days
2023-12-07,4585.58984375,1,1,0.43417433,20days
2023-12-08,4604.3701171875,1,1,0.44267792,20days
2023-12-11,4622.43994140625,1,1,0.44933,20days
2023-12-12,4643.7001953125,1,1,0.45855227,20days
2023-12-13,4707.08984375,1,1,0.4573066,20days
2023-12-14,4719.5498046875,1,1,0.4657356,20days
2023-12-15,4719.18994140625,1,1,0.47580537,20days
2023-12-18,4740.56005859375,1,1,0.4788071,20days
2023-12-19,4768.3701171875,1,1,0.48225284,20days
2023-12-20,4698.35009765625,1,1,0.456523,20days
2023-12-21,4746.75,1,1,0.42562762,20days
2023-12-22,4754.6298828125,1,1,0.3990516,20days
2023-12-26,4774.75,1,1,0.3765548,20days
2023-12-27,4781.580078125,1,1,0.3709633,20days
2023-12-28,4783.35009765625,1,1,0.37213224,20days
2023-12-29,4769.830078125,1,1,0.3766316,20days
2024-01-02,4742.830078125,1,1,0.3750898,20days
2024-01-03,4704.81005859375,1,1,0.36083382,20days
2024-01-04,4688.68017578125,1,1,0.32975668,20days
2024-01-05,4697.240234375,1,1,0.31377175,20days
2024-01-08,4763.5400390625,1,1,0.29625553,20days
2024-01-09,4756.5,1,1,0.2910739,20days
2024-01-10,4783.4501953125,1,0,0.2876113,20days
2024-01-11,4780.240234375,1,1,0.2913643,20days
2024-01-12,4783.830078125,1,0,0.28906026,20days
2024-01-16,4765.97998046875,1,0,0.2853214,20days
2024-01-17,4739.2099609375,1,0,0.2793233,20days
2024-01-18,4780.93994140625,1,0,0.27450645,20days
2024-01-19,4839.81005859375,1,0,0.2677115,20days
2024-01-22,4850.43017578125,1,0,0.26344198,20days
2024-01-23,4864.60009765625,1,0,0.25581804,20days
2024-01-24,4868.5498046875,1,0,0.2524673,20days
2024-01-25,4894.16015625,1,0,0.24701674,20days
2024-01-26,4890.97021484375,1,0,0.2380949,20days
2024-01-29,4927.93017578125,1,0,0.22848283,20days
2024-01-30,4924.97021484375,1,0,0.22172709,20days
2024-01-31,4845.64990234375,1,0,0.2106519,20days
2024-02-01,4906.18994140625,1,0,0.20172553,20days
2024-02-02,4958.60986328125,1,0,0.19968593,20days
2024-02-05,4942.81005859375,1,0,0.19883579,20days
2024-02-06,4954.22998046875,1,0,0.19327718,20days
2024-02-07,4995.06005859375,1,0,0.19112833,20days
2024-02-08,4997.91015625,1,0,0.19090223,20days
2024-02-09,5026.60986328125,1,0,0.19225428,20days
2024-02-12,5021.83984375,1,0,0.18647581,20days
2024-02-13,4953.169921875,1,0,0.17746569,20days
2024-02-14,5000.6201171875,1,0,0.17313647,20days
2024-02-15,5029.72998046875,1,0,0.1674639,20days
2024-02-16,5005.56982421875,1,0,0.16608591,20days
2024-02-20,4975.509765625,1,0,0.17059062,20days
2024-02-21,4981.7998046875,1,0,0.16636294,20days
2024-02-22,5087.02978515625,1,0,0.16664611,20days
2024-02-23,5088.7998046875,1,0,0.17081366,20days
2024-02-26,5069.52978515625,1,0,0.16705379,20days
2024-02-27,5078.18017578125,1,0,0.16875906,20days
2024-02-28,5069.759765625,1,0,0.17091568,20days
2024-02-29,5096.27001953125,1,0,0.17319486,20days
2024-03-01,5137.080078125,1,0,0.18030834,20days
2024-03-04,5130.9501953125,1,0,0.17728473,20days
2024-03-05,5078.64990234375,1,0,0.16832879,20days
2024-03-06,5104.759765625,1,0,0.16415223,20days
2024-03-07,5157.35986328125,1,0,0.16012676,20days
2024-03-08,5123.68994140625,0,0,0.1572097,20days
2024-03-11,5117.93994140625,0,0,0.15905169,20days
2024-03-12,5175.27001953125,0,0,0.16403903,20days
2024-03-13,5165.31005859375,0,0,0.16626038,20days
2024-03-14,5150.47998046875,0,0,0.16967352,20days
2024-03-15,5117.08984375,0,0,0.1689831,20days
2024-03-18,5149.419921875,0,0,0.17328374,20days
2024-03-19,5178.509765625,0,0,0.17443435,20days
2024-03-20,5224.6201171875,0,0,0.18035924,20days
2024-03-21,5241.52978515625,0,0,0.17573208,20days
2024-03-22,5234.18017578125,0,0,0.17629577,20days
2024-03-25,5218.18994140625,0,0,0.16935979,20days
2024-03-26,5203.580078125,0,0,0.16698994,20days
2024-03-27,5248.490234375,0,0,0.1694365,20days
2024-03-28,5254.35009765625,0,0,0.17235623,20days
2024-04-01,5243.77001953125,0,0,0.1797341,20days
2024-04-02,5205.81005859375,0,0,0.17824225,20days
2024-04-03,5211.490234375,0,0,0.17541662,20days
2024-04-04,5147.2099609375,0,0,0.16097142,20days
2024-04-05,5204.33984375,0,0,0.15599151,20days
2024-04-08,5202.39013671875,1,0,0.14862418,20days
2024-04-09,5209.91015625,1,0,0.15005068,20days
2024-04-10,5160.64013671875,1,0,0.15121606,20days
2024-04-11,5199.06005859375,1,0,0.15399094,20days
2024-04-12,5123.41015625,1,0,0.15031335,20days
2024-04-15,5061.81982421875,1,0,0.14826895,20days
2024-04-16,5051.41015625,1,0,0.1513383,20days
2024-04-17,5022.2099609375,1,0,0.15160069,20days
2024-04-18,5011.1201171875,1,0,0.15538242,20days
2024-04-19,4967.22998046875,1,0,0.15278617,20days
2024-04-22,5010.60009765625,1,0,0.15498345,20days
2024-04-23,5070.5498046875,1,0,0.15822175,20days
2024-04-24,5071.6298828125,1,0,0.1570662,20days
2024-04-25,5048.419921875,1,0,0.15886743,20days
2024-04-26,5099.9599609375,1,0,0.16702242,20days
2024-04-29,5116.169921875,1,0,0.17143285,20days
2024-04-30,5035.68994140625,1,0,0.17480414,20days
2024-05-01,5018.39013671875,1,0,0.19097976,20days
2024-05-02,5064.2001953125,1,0,0.20215768,20days
2024-05-03,5127.7900390625,1,0,0.21543586,20days
2024-05-06,5180.740234375,1,0,0.22214231,20days
2024-05-07,5187.7001953125,1,0,0.23042251,20days
2024-05-08,5187.669921875,1,0,0.24267356,20days
2024-05-09,5214.080078125,1,0,0.2562925,20days
2024-05-10,5222.68017578125,1,0,0.2713579,20days
2024-05-13,5221.419921875,1,0,0.27894735,20days
2024-05-14,5246.68017578125,1,1,0.29332832,20days
2024-05-15,5308.14990234375,1,1,0.30817363,20days
2024-05-16,5297.10009765625,1,1,0.3137909,20days
2024-05-17,5303.27001953125,1,1,0.3248618,20days
2024-05-20,5308.1298828125,1,1,0.3336092,20days
2024-05-21,5321.41015625,1,1,0.32703853,20days
2024-05-22,5307.009765625,1,1,0.31837317,20days
2024-05-23,5267.83984375,1,1,0.31518057,20days
2024-05-24,5304.72021484375,1,1,0.3205938,20days
2024-05-28,5306.0400390625,1,1,0.32644105,20days
2024-05-29,5266.9501953125,1,1,0.3213398,20days
2024-05-30,5235.47998046875,1,1,0.3133968,20days
2024-05-31,5277.509765625,1,1,0.32847834,20days
2024-06-03,5283.39990234375,1,1,0.31873924,20days
2024-06-04,5291.33984375,1,1,0.32436642,20days
2024-06-05,5354.02978515625,1,1,0.34780428,20days
2024-06-06,5352.9599609375,1,1,0.3681408,20days
2024-06-07,5346.990234375,1,1,0.38290882,20days
2024-06-10,5360.7900390625,1,1,0.39275956,20days
2024-06-11,5375.31982421875,1,1,0.40078458,20days
2024-06-12,5421.02978515625,1,1,0.4339231,20days
2024-06-13,5433.740234375,1,1,0.45522377,20days
2024-06-14,5431.60009765625,1,1,0.45958003,20days
2024-06-17,5473.22998046875,1,1,0.47670653,20days
2024-06-18,5487.02978515625,1,1,0.47463325,20days
2024-06-20,5473.169921875,1,1,0.47011778,20days
2024-06-21,5464.6201171875,1,1,0.46443373,20days
2024-06-24,5447.8701171875,1,1,0.46085998,20days
2024-06-25,5469.2998046875,1,1,0.4655451,20days
2024-06-26,5477.89990234375,1,1,0.48162198,20days
2024-06-27,5482.8701171875,1,1,0.4947903,20days
2024-06-28,5460.47998046875,1,1,0.51569444,20days
2024-07-01,5475.08984375,1,1,0.5355512,20days
2024-07-02,5509.009765625,1,1,0.55795217,20days
2024-07-03,5537.02001953125,1,1,0.54431987,20days
2024-07-05,5567.18994140625,1,1,0.5313595,20days
2024-07-08,5572.85009765625,1,1,0.50755894,20days
2024-07-09,5576.97998046875,1,1,0.46889094,20days
2024-07-10,5633.91015625,1,1,0.44718122,20days
2024-07-11,5584.5400390625,1,1,0.4264323,20days
2024-07-12,5615.35009765625,1,1,0.4099471,20days
2024-07-15,5631.22021484375,1,1,0.38652235,20days
2024-07-16,5667.2001953125,1,1,0.36635444,20days
2024-07-17,5588.27001953125,1,1,0.31775656,20days
2024-07-18,5544.58984375,1,0,0.27931952,20days
2024-07-19,5505.0,1,0,0.24825746,20days
2024-07-22,5564.41015625,1,0,0.25357807,20days
2024-07-23,5555.740234375,1,0,0.24889754,20days
2024-07-24,5427.1298828125,1,0,0.22934507,20days
2024-07-25,5399.22021484375,1,0,0.21070686,20days
2024-07-26,5459.10009765625,1,0,0.19101803,20days
2024-07-29,5463.5400390625,1,0,0.176228,20days
2024-07-30,5436.43994140625,1,0,0.16688216,20days
2024-07-31,5522.2998046875,1,0,0.17375948,20days
2024-08-01,5446.68017578125,1,0,0.17023823,20days
2024-08-02,5346.56005859375,1,0,0.16341983,20days
2024-08-05,5186.330078125,1,0,0.16551903,20days
2024-08-06,5240.02978515625,1,0,0.16677594,20days
2024-08-07,5199.5,1,0,0.16313222,20days
2024-08-08,5319.31005859375,1,0,0.16644485,20days
2024-08-09,5344.16015625,1,0,0.17104575,20days
2024-08-12,5344.39013671875,1,0,0.16771536,20days
2024-08-13,5434.43017578125,1,0,0.16738956,20days
2024-08-14,5455.2099609375,1,0,0.16817412,20days
2024-08-15,5543.22021484375,1,0,0.18544869,20days
2024-08-16,5554.25,1,0,0.20016704,20days
2024-08-19,5608.25,1,0,0.22030105,20days
2024-08-20,5597.1201171875,1,0,0.21952555,20days
2024-08-21,5620.85009765625,1,0,0.21915065,20days
2024-08-22,5570.64013671875,1,0,0.20371588,20days
2024-08-23,5634.60986328125,1,0,0.19324045,20days
2024-08-26,5616.83984375,1,0,0.17840381,20days
2024-08-27,5625.7998046875,1,0,0.16761215,20days
2024-08-28,5592.18017578125,1,0,0.16077241,20days
2024-08-29,5591.9599609375,1,0,0.15810883,20days
2024-08-30,5648.39990234375,1,0,0.16122325,20days
2024-09-03,5528.93017578125,1,0,0.1473382,20days
2024-09-04,5520.06982421875,1,0,0.1427879,20days
2024-09-05,5503.41015625,1,0,0.13983645,20days
2024-09-06,5408.419921875,1,0,0.14272049,20days
2024-09-09,5471.0498046875,1,0,0.14738792,20days
2024-09-10,5495.52001953125,1,0,0.15839349,20days
2024-09-11,5554.1298828125,1,0,0.17483386,20days
2024-09-12,5595.759765625,1,0,0.18860836,20days
2024-09-13,5626.02001953125,1,0,0.19999896,20days
2024-09-16,5633.08984375,1,0,0.20635706,20days
2024-09-17,5634.580078125,1,0,0.22008072,20days
2024-09-18,5618.259765625,1,0,0.22680236,20days
2024-09-19,5713.64013671875,1,0,0.23934792,20days
2024-09-20,5702.5498046875,1,0,0.24588855,20days
2024-09-23,5718.56982421875,1,0,0.24593505,20days
2024-09-24,5732.93017578125,1,0,0.24391109,20days
2024-09-25,5722.259765625,1,0,0.24212283,20days
2024-09-26,5745.3701171875,1,0,0.24440977,20days
2024-09-27,5738.169921875,1,0,0.24066614,20days
2024-09-30,5762.47998046875,1,0,0.24498543,20days
2024-10-01,5708.75,1,0,0.2427175,20days
2024-10-02,5709.5400390625,1,0,0.22204356,20days
2024-10-03,5699.93994140625,1,0,0.19171438,20days
2024-10-04,5751.06982421875,1,0,0.18587969,20days
2024-10-07,5695.93994140625,1,0,0.1731176,20days
2024-10-08,5751.1298828125,1,0,0.17195062,20days
2024-10-09,5792.0400390625,1,0,0.17802876,20days
2024-10-10,5780.0498046875,1,0,0.1817904,20days
2024-10-11,5815.02978515625,1,0,0.18642189,20days
2024-10-14,5859.85009765625,1,0,0.19030009,20days
2024-10-15,5815.259765625,1,0,0.18519473,20days
2024-10-16,5842.47021484375,1,0,0.18036927,20days
2024-10-17,5841.47021484375,1,0,0.17757203,20days
2024-10-18,5864.669921875,1,0,0.1774707,20days
2024-10-21,5853.97998046875,1,0,0.17625034,20days
2024-10-22,5851.2001953125,1,0,0.16812336,20days
2024-10-23,5797.419921875,1,0,0.15258874,20days
2024-10-24,5809.85986328125,1,0,0.14378946,20days
2024-10-25,5808.1201171875,1,0,0.13627018,20days
2024-10-28,5823.52001953125,1,0,0.13724099,20days
2024-10-29,5832.919921875,1,0,0.14524198,20days
2024-10-30,5813.669921875,1,0,0.14676584,20days
2024-10-31,5705.4501953125,1,0,0.14061171,20days
2024-11-01,5728.7998046875,1,0,0.13939573,20days
2024-11-04,5712.68994140625,1,0,0.13932908,20days
2024-11-05,5782.759765625,1,0,0.14328839,20days
2024-11-06,5929.0400390625,1,0,0.1617815,20days
2024-11-07,5973.10009765625,1,0,0.1730253,20days
2024-11-08,5995.5400390625,1,0,0.18543418,20days
2024-11-11,6001.35009765625,1,0,0.19220237,20days
2024-11-12,5983.990234375,1,0,0.20138028,20days
2024-11-13,5985.3798828125,1,0,0.20493543,20days
2024-11-14,5949.169921875,1,0,0.2067002,20days
2024-11-15,5870.6201171875,1,0,0.19723547,20days
2024-11-18,5893.6201171875,1,0,0.18622999,20days
2024-11-19,5916.97998046875,1,0,0.17430182,20days
2024-11-20,5917.10986328125,1,0,0.16354516,20days
2024-11-21,5948.7099609375,1,0,0.16435505,20days
2024-11-22,5969.33984375,1,0,0.17199335,20days
2024-11-25,5987.3701171875,1,0,0.18671256,20days
2024-11-26,6021.6298828125,1,0,0.20408657,20days
2024-11-27,5998.740234375,1,0,0.22074677,20days
2024-11-29,6032.3798828125,1,0,0.23587985,20days
2024-12-02,6047.14990234375,1,0,0.23920724,20days
2024-12-03,6049.8798828125,1,0,0.25062722,20days
2024-12-04,6086.490234375,1,0,0.2647024,20days
2024-12-05,6075.10986328125,1,0,0.2666218,20days
2024-12-06,6090.27001953125,1,0,0.26831552,20days
2024-12-09,6052.85009765625,1,0,0.26602834,20days
2024-12-10,6034.91015625,1,0,0.26118466,20days
2024-12-11,6084.18994140625,1,0,0.26431873,20days
2024-12-12,6051.25,1,0,0.26752326,20days
2024-12-13,6051.08984375,1,0,0.27488863,20days
2024-12-16,6074.080078125,1,1,0.29102024,20days
2024-12-17,6050.60986328125,1,1,0.29532883,20days
2024-12-18,5872.16015625,1,0,0.26568693,20days
2024-12-19,5867.080078125,1,0,0.2581851,20days
2024-12-20,5930.85009765625,1,0,0.2566269,20days
2024-12-23,5974.06982421875,1,0,0.2552126,20days
2024-12-24,6040.0400390625,1,0,0.2725505,20days
2024-12-26,6037.58984375,1,0,0.28135267,20days
2024-12-27,5970.83984375,1,0,0.28354633,20days
2024-12-30,5906.93994140625,1,0,0.26979923,20days
2024-12-31,5881.6298828125,1,0,0.25483423,20days
2025-01-02,5868.5498046875,1,0,0.25242984,20days
2025-01-03,5942.47021484375,1,0,0.2568283,20days
2025-01-06,5975.3798828125,1,0,0.24659978,20days
2025-01-07,5909.02978515625,1,0,0.24744344,20days
2025-01-08,5918.25,1,0,0.25452548,20days
2025-01-10,5827.0400390625,1,0,0.25664625,20days
2025-01-13,5836.22021484375,1,0,0.2679256,20days
2025-01-14,5842.91015625,1,0,0.2876795,20days
2025-01-15,5949.91015625,1,1,0.31556323,20days
2025-01-16,5937.33984375,1,1,0.3317033,20days
2025-01-17,5996.66015625,1,1,0.34216133,20days
2025-01-21,6049.240234375,1,1,0.34791675,20days
2025-01-22,6086.3701171875,1,1,0.3591235,20days
2025-01-23,6118.7099609375,1,1,0.36548817,20days
2025-01-24,6101.240234375,0,1,0.3666838,20days
2025-01-27,6012.27978515625,0,1,0.3582216,20days
2025-01-28,6067.7001953125,0,1,0.35426912,20days
2025-01-29,6039.31005859375,0,1,0.3468301,20days
2025-01-30,6071.169921875,0,1,0.33819687,20days
2025-01-31,6040.52978515625,0,1,0.33502188,20days
2025-02-03,5994.56982421875,0,0,0.2775859,20days
2025-02-04,6037.8798828125,0,0,0.2571328,20days
2025-02-05,6061.47998046875,0,0,0.24802446,20days
2025-02-06,6083.56982421875,0,0,0.24667783,20days
2025-02-07,6025.990234375,0,0,0.25589952,20days
2025-02-10,6066.43994140625,0,0,0.27209276,20days
2025-02-11,6068.5,0,0,0.2733895,20days
2025-02-12,6051.97021484375,0,0,0.27685744,20days
2025-02-13,6115.06982421875,0,0,0.2748596,20days
2025-02-14,6114.6298828125,0,0,0.2770305,20days
2025-02-18,6129.580078125,0,0,0.27502075,20days
2025-02-19,6144.14990234375,0,0,0.26250127,20days
2025-02-20,6117.52001953125,0,0,0.24615209,20days
2025-02-21,6013.1298828125,0,0,0.23524676,20days
2025-02-24,5983.25,0,0,0.23004833,20days
2025-02-25,5955.25,0,0,0.22125962,20days
2025-02-26,5956.06005859375,0,0,0.2046836,20days
2025-02-27,5861.56982421875,0,0,0.18805946,20days
2025-02-28,5954.5,0,0,0.17661372,20days
2025-03-03,5849.72021484375,0,0,0.1611899,20days
2025-03-04,5778.14990234375,0,0,0.15049797,20days
2025-03-05,5842.6298828125,0,0,0.16425669,20days
2025-03-06,5738.52001953125,0,0,0.16257629,20days
2025-03-07,5770.2001953125,0,0,0.16439134,20days
2025-03-10,5614.56005859375,0,0,0.16384666,20days
2025-03-11,5572.06982421875,0,0,0.16034293,20days
2025-03-12,5599.2998046875,0,0,0.16350529,20days
2025-03-13,5521.52001953125,0,0,0.1665606,20days
2025-03-14,5638.93994140625,0,0,0.18346949,20days
2025-03-17,5675.1201171875,0,0,0.1949297,20days
2025-03-18,5614.66015625,0,0,0.20026377,20days
2025-03-19,5675.2900390625,0,0,0.20286107,20days
2025-03-20,5662.89013671875,0,0,0.21849908,20days
2025-03-21,5667.56005859375,0,0,0.24052277,20days
2025-03-24,5767.56982421875,0,0,0.26174873,20days
2025-03-25,5776.64990234375,0,0,0.2684099,20days
2025-03-26,5712.2001953125,0,0,0.23358709,20days
2025-03-27,5693.31005859375,0,0,0.21516776,20days
2025-03-28,5580.93994140625,0,0,0.18174982,20days
2025-03-31,5611.85009765625,0,0,0.17001358,20days
2025-04-01,5633.06982421875,0,0,0.17345087,20days
2025-04-02,5670.97021484375,0,0,0.18665506,20days
2025-04-03,5396.52001953125,0,0,0.18325035,20days
2025-04-04,5074.080078125,0,0,0.20061952,20days
2025-04-07,5062.25,0,0,0.21011913,20days
2025-04-08,4982.77001953125,0,0,0.19744267,20days
2025-04-09,5456.89990234375,0,0,0.2152989,20days
2025-04-10,5268.0498046875,0,0,0.20362788,20days
2025-04-11,5363.35986328125,0,0,0.19421151,20days
2025-04-14,5405.97021484375,1,0,0.19482495,20days
2025-04-15,5396.6298828125,1,0,0.2002976,20days
2025-04-16,5275.7001953125,1,0,0.21641159,20days
2025-04-17,5282.7001953125,1,0,0.24080138,20days
2025-04-21,5158.2001953125,1,0,0.25758693,20days
2025-04-22,5287.759765625,1,0,0.27063516,20days
2025-04-23,5375.85986328125,1,0,0.27501678,20days
2025-04-24,5484.77001953125,1,0,0.26241255,20days
2025-04-25,5525.2099609375,1,0,0.26962224,20days
2025-04-28,5528.75,1,0,0.26001927,20days
2025-04-29,5560.830078125,1,0,0.26828587,20days
2025-04-30,5569.06005859375,1,0,0.28683567,20days
2025-05-01,5604.14013671875,1,1,0.2980127,20days
2025-05-02,5686.669921875,1,1,0.3066789,20days
2025-05-05,5650.3798828125,1,1,0.30727112,20days
2025-05-06,5606.91015625,1,0,0.28956926,20days
2025-05-07,5631.27978515625,1,0,0.27594376,20days
2025-05-08,5663.93994140625,1,0,0.2632627,20days
2025-05-09,5659.91015625,1,0,0.26436415,20days
2025-05-12,5844.18994140625,1,0,0.28251988,20days
2025-05-13,5886.5498046875,1,0,0.28808954,20days
2025-05-14,5892.580078125,1,1,0.29555854,20days
2025-05-15,5916.93017578125,1,1,0.3029287,20days
2025-05-16,5958.3798828125,1,1,0.3061539,20days
2025-05-19,5963.60009765625,1,1,0.306104,20days
2025-05-20,5940.4599609375,1,1,0.2997336,20days
2025-05-21,5844.60986328125,1,0,0.2781415,20days
2025-05-22,5842.009765625,1,0,0.26039493,20days
2025-05-23,5802.81982421875,1,0,0.24150422,20days
2025-05-27,5921.5400390625,1,0,0.23132412,20days
2025-05-28,5888.5498046875,1,0,0.2231374,20days
2025-05-29,5912.169921875,1,0,0.21640962,20days
2025-05-30,5911.68994140625,1,0,0.2149845,20days
2025-06-02,5935.93994140625,1,0,0.21678329,20days
2025-06-03,5970.3701171875,1,0,0.22733042,20days
2025-06-04,5970.81005859375,1,0,0.23564927,20days
2025-06-05,5939.2998046875,1,0,0.24740654,20days
2025-06-06,6000.35986328125,1,0,0.2479867,20days
2025-06-09,6005.8798828125,1,0,0.23986422,20days
2025-06-10,6038.81005859375,1,0,0.23498861,20days
2025-06-11,6022.240234375,1,0,0.23487175,20days
2025-06-12,6045.259765625,1,0,0.23540853,20days
2025-06-13,5976.97021484375,1,0,0.2303592,20days
2025-06-16,6033.10986328125,1,0,0.22469398,20days
2025-06-17,5982.72021484375,1,0,0.21717992,20days
2025-06-18,5980.8701171875,1,0,0.21708699,20days
2025-06-20,5967.83984375,1,0,0.21836667,20days
2025-06-23,6025.169921875,1,0,0.22180983,20days
2025-06-24,6092.18017578125,1,0,0.2248224,20days
2025-06-25,6092.16015625,1,0,0.223083,20days
2025-06-26,6141.02001953125,1,0,0.22549088,20days
2025-06-27,6173.06982421875,1,0,0.22687009,20days
2025-06-30,6204.9501953125,1,0,0.22918585,20days
2025-07-01,6198.009765625,1,0,0.24464904,20days
2025-07-02,6227.419921875,1,0,0.25187084,20days
2025-07-03,6279.35009765625,1,0,0.2418355,20days
2025-07-07,6229.97998046875,1,0,0.2256824,20days
2025-07-08,6225.52001953125,1,0,0.20678681,20days
2025-07-09,6263.259765625,1,0,0.19102693,20days
2025-07-10,6280.4599609375,1,0,0.17772704,20days
2025-07-11,6259.75,1,0,0.17334862,20days
2025-07-14,6268.56005859375,1,0,0.17035702,20days
2025-07-15,6243.759765625,1,0,0.16487943,20days
2025-07-16,6263.7001953125,1,0,0.16688582,20days
2025-07-17,6297.35986328125,1,0,0.1694256,20days
2025-07-18,6296.7900390625,1,0,0.17588846,20days
2025-07-21,6305.60009765625,1,0,0.18257217,20days
2025-07-22,6309.6201171875,1,0,0.18816184,20days
2025-07-23,6358.91015625,1,0,0.18973865,20days
2025-07-24,6363.35009765625,1,0,0.19077033,20days
2025-07-25,6388.64013671875,1,0,0.1871644,20days
2025-07-28,6389.77001953125,1,0,0.17739868,20days
2025-07-29,6370.85986328125,1,0,0.17456333,20days
2025-07-30,6362.89990234375,1,0,0.1746227,20days
2025-07-31,6339.39013671875,1,0,0.16410737,20days
2025-08-01,6238.009765625,1,0,0.14911556,20days
2025-08-04,6329.93994140625,1,0,0.13813101,20days
2025-08-05,6299.18994140625,1,0,0.12920544,20days
2025-08-06,6345.06005859375,1,0,0.12316203,20days
2025-08-07,6340.0,1,0,0.12450349,20days
2025-08-08,6389.4501953125,1,0,0.12715045,20days
2025-08-11,6373.4501953125,1,0,0.12939936,20days
2025-08-12,6445.759765625,1,0,0.13109383,20days
2025-08-13,6466.580078125,1,0,0.13249624,20days
2025-08-14,6468.5400390625,1,0,0.13475008,20days
2025-08-15,6449.7998046875,1,0,0.1356481,20days
2025-08-18,6449.14990234375,1,0,0.1334243,20days
2025-08-19,6411.3701171875,1,0,0.13081476,20days
2025-08-20,6395.77978515625,1,0,0.12740223,20days
2025-08-21,6370.169921875,1,0,0.121777855,20days
2025-08-22,6466.91015625,1,0,0.12571675,20days
2025-08-25,6439.31982421875,1,0,0.12773278,20days
2025-08-26,6465.93994140625,1,0,0.12852909,20days
2025-08-27,6481.39990234375,1,0,0.12911215,20days
2025-08-28,6501.85986328125,1,0,0.1309104,20days
2025-08-29,6460.259765625,1,0,0.12993051,20days
2025-09-02,6415.5400390625,1,0,0.12808636,20days
2025-09-03,6448.259765625,1,0,0.1233964,20days
2025-09-04,6502.080078125,1,0,0.12001644,20days
2025-09-05,6481.5,1,0,0.11753632,20days
2025-09-08,6495.14990234375,1,0,0.110278554,20days
2025-09-09,6512.60986328125,1,0,0.120181136,20days
2025-09-10,6532.0400390625,1,0,0.1276412,20days
2025-09-11,6587.47021484375,1,0,0.13631782,20days
2025-09-12,6584.2900390625,1,0,0.13949227,20days
2025-09-15,6615.27978515625,1,0,0.1430983,20days
2025-09-16,6606.759765625,1,0,0.14209545,20days
2025-09-17,6600.35009765625,1,0,0.14383723,20days
2025-09-18,6631.9599609375,1,0,0.14490221,20days
2025-09-19,6664.35986328125,1,0,0.1498727,20days
2025-09-22,6693.75,1,0,0.15056558,20days
2025-09-23,6656.919921875,1,0,0.15033732,20days
2025-09-24,6637.97021484375,1,0,0.14763807,20days
2025-09-25,6604.72021484375,1,0,0.14427131,20days
2025-09-26,6643.7001953125,1,0,0.14810893,20days
2025-09-29,6661.2099609375,1,0,0.15102957,20days
2025-09-30,6688.4599609375,1,0,0.15518825,20days
2025-10-01,6711.2001953125,1,0,0.14693865,20days
2025-10-02,6715.35009765625,1,0,0.1406656,20days
2025-10-03,6715.7900390625,1,0,0.13047343,20days
2025-10-06,6740.27978515625,1,0,0.13281608,20days
2025-10-07,6714.58984375,1,0,0.13465735,20days
2025-10-08,6753.72021484375,1,0,0.13380182,20days
2025-10-09,6735.10986328125,1,0,0.13313788,20days
2025-10-10,6552.509765625,1,0,0.12019819,20days
2025-10-13,6654.72021484375,1,0,0.11516033,20days
2025-10-14,6644.31005859375,1,0,0.111479685,20days
2025-10-15,6671.06005859375,1,0,0.110321514,20days
2025-10-16,6629.06982421875,1,0,0.110761754,20days
2025-10-17,6664.009765625,1,0,0.11406267,20days
2025-10-20,6735.1298828125,1,0,0.119305015,20days
2025-10-21,6735.35009765625,1,0,0.12975863,20days
2025-10-22,6699.39990234375,1,0,0.14436005,20days
2025-10-23,6738.43994140625,1,0,0.15811668,20days
2025-10-24,6791.68994140625,1,0,0.16991217,20days
2025-10-27,6875.16015625,1,0,0.16843274,20days
2025-10-28,6890.89013671875,1,0,0.16179939,20days
2025-10-29,6890.58984375,1,0,0.16262063,20days
2025-10-30,6822.33984375,1,0,0.15769623,20days
2025-10-31,6840.2001953125,1,0,0.15482263,20days
2025-11-03,6851.97021484375,1,0,0.14747363,20days
2025-11-04,6771.5498046875,1,0,0.13677692,20days
2025-11-05,6796.2900390625,1,0,0.13463227,20days
2025-11-06,6720.31982421875,1,0,0.13424365,20days
2025-11-07,6728.7998046875,1,0,0.12938328,20days
2025-11-10,6832.43017578125,1,0,0.12552097,20days
2025-11-11,6846.60986328125,1,0,0.12271346,20days
2025-11-12,6850.919921875,1,0,0.115916416,20days
2025-11-13,6737.490234375,1,0,0.11614834,20days
2025-11-14,6734.10986328125,1,0,0.1213538,20days
2025-11-17,6672.41015625,1,0,0.12934907,20days
2025-11-18,6617.31982421875,1,0,0.14218906,20days
2025-11-19,6642.16015625,1,0,0.15478438,20days
2025-11-20,6538.759765625,1,0,0.14842576,20days
2025-11-21,6602.990234375,1,0,0.15323511,20days
2025-11-24,6705.1201171875,1,0,0.15348342,20days
2025-11-25,6765.8798828125,1,0,0.15685083,20days
2025-11-26,6812.60986328125,1,0,0.1805186,20days
2025-11-28,6849.08984375,1,0,0.20271745,20days
2025-12-01,6812.6298828125,1,0,0.22859687,20days
2025-12-02,6829.3701171875,1,0,0.26332772,20days
2025-12-03,6849.72021484375,1,0,0.2833715,20days
2025-12-04,6857.1201171875,1,1,0.31242174,20days
2025-12-05,6870.39990234375,1,1,0.33596864,20days
2025-12-08,6846.509765625,1,1,0.32032204,20days
2025-12-09,6840.509765625,1,1,0.31097093,20days
2025-12-10,6886.68017578125,1,1,0.31175065,20days
2025-12-11,6901.0,1,1,0.32576245,20days
2025-12-12,6827.41015625,1,1,0.34227902,20days
2025-12-15,6816.509765625,1,1,0.36342058,20days
2025-12-16,6800.259765625,1,1,0.39079282,20days
2025-12-17,6721.43017578125,1,1,0.4064444,20days
2025-12-18,6774.759765625,1,1,0.41692197,20days
2025-12-19,6834.5,1,1,0.42911497,20days
2025-12-22,6878.490234375,1,1,0.432738,20days
2025-12-23,6909.7900390625,1,1,0.42810196,20days
2025-12-24,6932.0498046875,1,1,0.43573543,20days
2025-12-26,6929.93994140625,1,1,0.45104426,20days
2025-12-29,6905.740234375,1,1,0.4734651,20days
2025-12-30,6896.240234375,1,1,0.46851155,20days
2025-12-31,6845.5,1,1,0.45687667,20days
2026-01-02,6858.47021484375,1,1,0.44853285,20days
2026-01-05,6902.0498046875,1,1,0.43604803,20days
2026-01-06,6944.81982421875,1,1,0.4703817,20days
2026-01-07,6920.93017578125,1,1,0.48483738,20days
2026-01-08,6921.4599609375,1,1,0.49606624,20days
2026-01-09,6966.27978515625,1,1,0.50009084,20days
2026-01-12,6977.27001953125,1,1,0.49683142,20days
2026-01-13,6963.740234375,1,1,0.49043867,20days
2026-01-14,6926.60009765625,1,1,0.48884186,20days
2026-01-15,6944.47021484375,1,1,0.4906829,20days
